Time,Change,Ticker
1,0,BARC
2,-0.003690037,BARC
3,-0.005166052,BARC
4,-0.00295203,BARC
5,-0.004428044,BARC
6,-0.002706027,BARC
7,-0.003936039,BARC
8,-0.003444034,BARC
9,-0.003690037,BARC
10,-0.003198032,BARC
11,-0.003936039,BARC
12,-0.003198032,BARC
13,-0.003444034,BARC
14,-0.003101107,BARC
15,-0.003690037,BARC
16,-0.003296433,BARC
17,-0.005904059,BARC
18,-0.006150062,BARC
19,-0.006888069,BARC
20,-0.005658057,BARC
21,-0.005658057,BARC
22,-0.005166052,BARC
23,-0.005166052,BARC
24,-0.004920049,BARC
25,-0.005412054,BARC
26,-0.004674047,BARC
27,-0.004920049,BARC
28,-0.004250923,BARC
29,-0.004182042,BARC
30,-0.004674047,BARC
31,-0.004920049,BARC
32,-0.006150062,BARC
33,-0.005658057,BARC
34,-0.005904059,BARC
35,-0.006543665,BARC
36,-0.00696187,BARC
37,-0.006469865,BARC
38,-0.00597786,BARC
39,-0.005904059,BARC
40,-0.005904059,BARC
41,-0.006150062,BARC
42,-0.007872079,BARC
43,-0.008856089,BARC
44,-0.009840098,BARC
45,-0.009594096,BARC
46,-0.011070111,BARC
47,-0.011562116,BARC
48,-0.011316113,BARC
49,-0.011626568,BARC
50,-0.011316113,BARC
51,-0.011316113,BARC
52,-0.009840098,BARC
53,-0.009102091,BARC
54,-0.011316113,BARC
55,-0.010332103,BARC
56,-0.011808118,BARC
57,-0.011957196,BARC
58,-0.012546125,BARC
59,-0.012054121,BARC
60,-0.012546125,BARC
61,-0.012186962,BARC
62,-0.012300123,BARC
63,-0.012792128,BARC
64,-0.01303813,BARC
65,-0.01500615,BARC
66,-0.014268143,BARC
67,-0.014514145,BARC
68,-0.01402214,BARC
69,-0.01500615,BARC
70,-0.01500615,BARC
71,-0.015571956,BARC
72,-0.019237392,BARC
73,-0.018056581,BARC
74,-0.016777368,BARC
75,-0.016777368,BARC
76,-0.016777368,BARC
77,-0.022189422,BARC
78,-0.020910209,BARC
79,-0.021402214,BARC
80,-0.021107011,BARC
81,-0.020172202,BARC
82,-0.020221402,BARC
83,-0.020211562,BARC
84,-0.019926199,BARC
85,-0.021500615,BARC
86,-0.022878229,BARC
87,-0.023271833,BARC
88,-0.023370234,BARC
89,-0.023271833,BARC
90,-0.022779828,BARC
91,-0.023665437,BARC
92,-0.026076261,BARC
93,-0.028880689,BARC
94,-0.027896679,BARC
95,-0.026519065,BARC
96,-0.027601476,BARC
97,-0.028880689,BARC
98,-0.028743419,BARC
99,-0.02701107,BARC
100,-0.024649446,BARC
101,-0.022484625,BARC
102,-0.021697417,BARC
103,-0.024255843,BARC
104,-0.023567036,BARC
105,-0.022091021,BARC
106,-0.019237392,BARC
107,-0.0200246,BARC
108,-0.01904059,BARC
109,-0.018450185,BARC
110,-0.017136531,BARC
111,-0.015252153,BARC
112,-0.016285363,BARC
113,-0.017367774,BARC
114,-0.0199754,BARC
115,-0.019434194,BARC
116,-0.020319803,BARC
117,-0.019827798,BARC
118,-0.017170972,BARC
119,-0.02100861,BARC
120,-0.020615006,BARC
121,-0.02199262,BARC
122,-0.022878229,BARC
123,-0.023370234,BARC
124,-0.022091021,BARC
125,-0.019630996,BARC
126,-0.019335793,BARC
127,-0.018646986,BARC
128,-0.018351784,BARC
129,-0.018154982,BARC
130,-0.017072571,BARC
131,-0.015252153,BARC
132,-0.015252153,BARC
133,-0.015498155,BARC
134,-0.015498155,BARC
135,-0.015498155,BARC
136,-0.015498155,BARC
137,-0.016777368,BARC
138,-0.018646986,BARC
139,-0.019729397,BARC
140,-0.020615006,BARC
141,-0.019532595,BARC
142,-0.019434194,BARC
143,-0.018809348,BARC
144,-0.019926199,BARC
145,-0.020615006,BARC
146,-0.020123001,BARC
147,-0.020319803,BARC
148,-0.019827798,BARC
149,-0.020319803,BARC
150,-0.021205412,BARC
151,-0.020516605,BARC
152,-0.020418204,BARC
153,-0.019729397,BARC
154,-0.019532595,BARC
155,-0.018056581,BARC
156,-0.015498155,BARC
157,-0.01500615,BARC
158,-0.015252153,BARC
159,-0.014514145,BARC
160,-0.012792128,BARC
161,-0.014268143,BARC
162,-0.013530135,BARC
163,-0.014760148,BARC
164,-0.015498155,BARC
165,-0.016875769,BARC
166,-0.019237392,BARC
167,-0.018056581,BARC
168,-0.018548585,BARC
169,-0.017761378,BARC
170,-0.016678967,BARC
171,-0.015252153,BARC
172,-0.015252153,BARC
173,-0.016285363,BARC
174,-0.016875769,BARC
175,-0.017170972,BARC
176,-0.016875769,BARC
177,-0.016482165,BARC
178,-0.015586716,BARC
179,-0.015252153,BARC
180,-0.015498155,BARC
181,-0.015744157,BARC
182,-0.015744157,BARC
183,-0.015842558,BARC
184,-0.015498155,BARC
185,-0.01795818,BARC
186,-0.018843788,BARC
187,-0.01904059,BARC
188,-0.019237392,BARC
189,-0.019515867,BARC
190,-0.019827798,BARC
191,-0.020123001,BARC
192,-0.020319803,BARC
193,-0.0200246,BARC
194,-0.018548585,BARC
195,-0.017859779,BARC
196,-0.018351784,BARC
197,-0.017761378,BARC
198,-0.018154982,BARC
199,-0.017367774,BARC
200,-0.017859779,BARC
201,-0.018843788,BARC
202,-0.018646986,BARC
203,-0.017761378,BARC
204,-0.018154982,BARC
205,-0.017859779,BARC
206,-0.018056581,BARC
207,-0.017761378,BARC
208,-0.017367774,BARC
209,-0.017367774,BARC
210,-0.017170972,BARC
211,-0.016875769,BARC
212,-0.017662977,BARC
213,-0.018843788,BARC
214,-0.01904059,BARC
215,-0.01795818,BARC
216,-0.01795818,BARC
217,-0.018450185,BARC
218,-0.018450185,BARC
219,-0.01904059,BARC
220,-0.018450185,BARC
221,-0.018056581,BARC
222,-0.01795818,BARC
223,-0.017662977,BARC
224,-0.017564576,BARC
225,-0.016777368,BARC
226,-0.016052645,BARC
227,-0.015915375,BARC
228,-0.015498155,BARC
229,-0.014760148,BARC
230,-0.015498155,BARC
231,-0.015252153,BARC
232,-0.016088561,BARC
233,-0.015744157,BARC
234,-0.015744157,BARC
235,-0.017466175,BARC
236,-0.016875769,BARC
237,-0.017466175,BARC
238,-0.017564576,BARC
239,-0.017269373,BARC
240,-0.017662977,BARC
241,-0.016482165,BARC
242,-0.016580566,BARC
243,-0.016875769,BARC
244,-0.01697417,BARC
245,-0.017367774,BARC
246,-0.017466175,BARC
247,-0.017564576,BARC
248,-0.017662977,BARC
249,-0.017367774,BARC
250,-0.01795818,BARC
251,-0.017859779,BARC
252,-0.017466175,BARC
253,-0.017564576,BARC
254,-0.017367774,BARC
255,-0.017859779,BARC
256,-0.017761378,BARC
257,-0.017662977,BARC
258,-0.017269373,BARC
259,-0.017564576,BARC
260,-0.01795818,BARC
261,-0.01795818,BARC
262,-0.018154982,BARC
263,-0.018351784,BARC
264,-0.018154982,BARC
265,-0.017859779,BARC
266,-0.018056581,BARC
267,-0.018646986,BARC
268,-0.018056581,BARC
269,-0.018351784,BARC
270,-0.018056581,BARC
271,-0.017564576,BARC
272,-0.017859779,BARC
273,-0.01795818,BARC
274,-0.017761378,BARC
275,-0.017564576,BARC
276,-0.01795818,BARC
277,-0.017859779,BARC
278,-0.017662977,BARC
279,-0.017466175,BARC
280,-0.017466175,BARC
281,-0.017466175,BARC
282,-0.017072571,BARC
283,-0.017564576,BARC
284,-0.017072571,BARC
285,-0.01697417,BARC
286,-0.016875769,BARC
287,-0.017269373,BARC
288,-0.017170972,BARC
289,-0.017170972,BARC
290,-0.016777368,BARC
291,-0.016383764,BARC
292,-0.016088561,BARC
293,-0.015744157,BARC
294,-0.015252153,BARC
295,-0.01500615,BARC
296,-0.015498155,BARC
297,-0.015498155,BARC
298,-0.015744157,BARC
299,-0.015252153,BARC
300,-0.015252153,BARC
301,-0.01599016,BARC
302,-0.015744157,BARC
303,-0.016383764,BARC
304,-0.016088561,BARC
305,-0.015498155,BARC
306,-0.015498155,BARC
307,-0.016088561,BARC
308,-0.015252153,BARC
309,-0.015252153,BARC
310,-0.01599016,BARC
311,-0.015744157,BARC
312,-0.015252153,BARC
313,-0.01500615,BARC
314,-0.015252153,BARC
315,-0.014760148,BARC
316,-0.014268143,BARC
317,-0.01402214,BARC
318,-0.012792128,BARC
319,-0.012546125,BARC
320,-0.012792128,BARC
321,-0.011316113,BARC
322,-0.010332103,BARC
323,-0.010086101,BARC
324,-0.009840098,BARC
325,-0.009102091,BARC
326,-0.008364084,BARC
327,-0.007380074,BARC
328,-0.007626076,BARC
329,-0.008118081,BARC
330,-0.008856089,BARC
331,-0.008856089,BARC
332,-0.008856089,BARC
333,-0.008364084,BARC
334,-0.009348093,BARC
335,-0.009102091,BARC
336,-0.008856089,BARC
337,-0.009102091,BARC
338,-0.008610086,BARC
339,-0.008856089,BARC
340,-0.009594096,BARC
341,-0.010578106,BARC
342,-0.011070111,BARC
343,-0.01097171,BARC
344,-0.010332103,BARC
345,-0.011316113,BARC
346,-0.012300123,BARC
347,-0.009594096,BARC
348,-0.007380074,BARC
349,-0.007527675,BARC
350,-0.007527675,BARC
351,-0.007872079,BARC
352,-0.009102091,BARC
353,-0.008610086,BARC
354,-0.009176876,BARC
355,-0.009348093,BARC
356,-0.009102091,BARC
357,-0.00801968,BARC
358,-0.007872079,BARC
359,-0.008364084,BARC
360,-0.008364084,BARC
361,-0.009102091,BARC
362,-0.009594096,BARC
363,-0.009102091,BARC
364,-0.010578106,BARC
365,-0.010824108,BARC
366,-0.010332103,BARC
367,-0.009840098,BARC
368,-0.009594096,BARC
369,-0.010086101,BARC
370,-0.011562116,BARC
371,-0.011070111,BARC
372,-0.012054121,BARC
373,-0.012300123,BARC
374,-0.013284133,BARC
375,-0.012792128,BARC
376,-0.012889053,BARC
377,-0.012300123,BARC
378,-0.012398524,BARC
379,-0.012054121,BARC
380,-0.012300123,BARC
381,-0.012300123,BARC
382,-0.012300123,BARC
383,-0.01303813,BARC
384,-0.012792128,BARC
385,-0.01303813,BARC
386,-0.012546125,BARC
387,-0.012300123,BARC
388,-0.011808118,BARC
389,-0.012300123,BARC
390,-0.012054121,BARC
391,-0.011217712,BARC
392,-0.010824108,BARC
393,-0.011882903,BARC
394,-0.012054121,BARC
395,-0.012300123,BARC
396,-0.01303813,BARC
397,-0.013530135,BARC
398,-0.014514145,BARC
399,-0.013776138,BARC
400,-0.012792128,BARC
401,-0.012546125,BARC
402,-0.01303813,BARC
403,-0.012792128,BARC
404,-0.012792128,BARC
405,-0.012300123,BARC
406,-0.012546125,BARC
407,-0.012054121,BARC
408,-0.012054121,BARC
409,-0.011562116,BARC
410,-0.010578106,BARC
411,-0.010824108,BARC
412,-0.010824108,BARC
413,-0.011562116,BARC
414,-0.011316113,BARC
415,-0.011143911,BARC
416,-0.0108246,BARC
417,-0.010332103,BARC
418,-0.009691021,BARC
419,-0.009348093,BARC
420,-0.008118081,BARC
421,-0.007626076,BARC
422,-0.007872079,BARC
423,-0.008118081,BARC
424,-0.008364084,BARC
425,-0.007872079,BARC
426,-0.006888069,BARC
427,-0.006789668,BARC
428,-0.006888069,BARC
429,-0.007380074,BARC
430,-0.008364084,BARC
431,-0.009348093,BARC
432,-0.008610086,BARC
433,-0.008610086,BARC
434,-0.008856089,BARC
435,-0.008364084,BARC
436,-0.008856089,BARC
437,-0.009667897,BARC
438,-0.009348093,BARC
439,-0.009840098,BARC
440,-0.009594096,BARC
441,-0.009348093,BARC
442,-0.009765314,BARC
443,-0.009594096,BARC
444,-0.009840098,BARC
445,-0.009840098,BARC
446,-0.010332103,BARC
447,-0.009594096,BARC
448,-0.010086101,BARC
449,-0.009667897,BARC
450,-0.009594096,BARC
451,-0.009594096,BARC
452,-0.009594096,BARC
453,-0.009594096,BARC
454,-0.009102091,BARC
455,-0.009348093,BARC
456,-0.009348093,BARC
457,-0.009348093,BARC
458,-0.009594096,BARC
459,-0.009594096,BARC
460,-0.009594096,BARC
461,-0.009348093,BARC
462,-0.009692497,BARC
463,-0.009594096,BARC
464,-0.009840098,BARC
465,-0.010525953,BARC
466,-0.011070111,BARC
467,-0.010947109,BARC
468,-0.010824108,BARC
469,-0.010824108,BARC
470,-0.010824108,BARC
471,-0.011439114,BARC
472,-0.012546125,BARC
473,-0.012792128,BARC
474,-0.013530135,BARC
475,-0.013530135,BARC
476,-0.012792128,BARC
477,-0.013776138,BARC
478,-0.014514145,BARC
479,-0.014760148,BARC
480,-0.01500615,BARC
481,-0.015498155,BARC
482,-0.015498155,BARC
483,-0.01500615,BARC
484,-0.015744157,BARC
485,-0.016383764,BARC
486,-0.01697417,BARC
487,-0.016678967,BARC
488,-0.016777368,BARC
489,-0.016580566,BARC
490,-0.016678967,BARC
491,-0.016353752,BARC
492,-0.016383764,BARC
493,-0.016482165,BARC
494,-0.016777368,BARC
495,-0.017072571,BARC
496,-0.018154982,BARC
497,-0.018450185,BARC
498,-0.017662977,BARC
499,-0.017466175,BARC
500,-0.015104551,BARC
501,-0.016383764,BARC
502,-0.016285363,BARC
503,-0.017564576,BARC
504,-0.017367774,BARC
505,-0.016777368,BARC
506,-0.016678967,BARC
507,-0.017564576,BARC
508,-1,BARC
1,0,HSBA
2,0.001237454,HSBA
3,0.001787433,HSBA
4,0.002199918,HSBA
5,0.002887392,HSBA
6,0.003299876,HSBA
7,0.003437371,HSBA
8,0.003437371,HSBA
9,0.002612402,HSBA
10,0.002199918,HSBA
11,0.002749897,HSBA
12,0.003849856,HSBA
13,0.003712361,HSBA
14,0.004399835,HSBA
15,0.004674825,HSBA
16,0.003437371,HSBA
17,0.003299876,HSBA
18,0.002749897,HSBA
19,0.002612402,HSBA
20,0.002558229,HSBA
21,0.002749897,HSBA
22,0.002887392,HSBA
23,0.002695724,HSBA
24,0.002749897,HSBA
25,0.003024887,HSBA
26,0.003162381,HSBA
27,0.003024887,HSBA
28,0.003299876,HSBA
29,0.003712361,HSBA
30,0.003574866,HSBA
31,0.003712361,HSBA
32,0.003437371,HSBA
33,0.003574866,HSBA
34,0.003712361,HSBA
35,0.003849856,HSBA
36,0.003849856,HSBA
37,0.004399835,HSBA
38,0.00398735,HSBA
39,0.004674825,HSBA
40,0.005087309,HSBA
41,0.004949814,HSBA
42,0.00453733,HSBA
43,0.003849856,HSBA
44,0.003437371,HSBA
45,0.004124845,HSBA
46,0.003712361,HSBA
47,0.00398735,HSBA
48,0.00426234,HSBA
49,0.00453733,HSBA
50,0.004674825,HSBA
51,0.00481232,HSBA
52,0.005499794,HSBA
53,0.006049773,HSBA
54,0.00481232,HSBA
55,0.00398735,HSBA
56,0.003574866,HSBA
57,0.003574866,HSBA
58,0.003616527,HSBA
59,0.003712361,HSBA
60,0.003849856,HSBA
61,0.002887392,HSBA
62,0.002199918,HSBA
63,0.002749897,HSBA
64,0.002474907,HSBA
65,0.002337412,HSBA
66,0.002474907,HSBA
67,0.003024887,HSBA
68,0.003162381,HSBA
69,0.002337412,HSBA
70,0.002337412,HSBA
71,0.002337412,HSBA
72,0.001237454,HSBA
73,0.000756222,HSBA
74,0.000549979,HSBA
75,0.000824969,HSBA
76,0.001099959,HSBA
77,0.00027499,HSBA
78,0.000687474,HSBA
79,-0.000137495,HSBA
80,-0.001374948,HSBA
81,-0.000962464,HSBA
82,-0.001237454,HSBA
83,-0.000824969,HSBA
84,-0.001237454,HSBA
85,-0.002337412,HSBA
86,-0.002199918,HSBA
87,-0.002749897,HSBA
88,-0.003712361,HSBA
89,-0.003712361,HSBA
90,-0.003162381,HSBA
91,-0.00426234,HSBA
92,-0.005774783,HSBA
93,-0.007287227,HSBA
94,-0.006599753,HSBA
95,-0.005087309,HSBA
96,-0.00481232,HSBA
97,-0.005224804,HSBA
98,-0.005637289,HSBA
99,-0.005087309,HSBA
100,-0.004124845,HSBA
101,-0.00398735,HSBA
102,-0.004399835,HSBA
103,-0.004949814,HSBA
104,-0.003574866,HSBA
105,-0.003437371,HSBA
106,-0.001787433,HSBA
107,-0.002749897,HSBA
108,-0.002612402,HSBA
109,-0.002337412,HSBA
110,-0.001924928,HSBA
111,-0.001099959,HSBA
112,-0.001374948,HSBA
113,-0.001099959,HSBA
114,-0.001787433,HSBA
115,-0.002062423,HSBA
116,-0.002887392,HSBA
117,-0.002062423,HSBA
118,-0.001924928,HSBA
119,-0.002474907,HSBA
120,-0.002474907,HSBA
121,-0.003162381,HSBA
122,-0.003162381,HSBA
123,-0.003574866,HSBA
124,-0.003024887,HSBA
125,-0.002062423,HSBA
126,-0.002337412,HSBA
127,-0.002199918,HSBA
128,-0.002062423,HSBA
129,-0.001374948,HSBA
130,-0.001099959,HSBA
131,-0.001237454,HSBA
132,-0.001787433,HSBA
133,-0.002062423,HSBA
134,-0.001512443,HSBA
135,-0.001924928,HSBA
136,-0.001168706,HSBA
137,-0.001512443,HSBA
138,-0.001924928,HSBA
139,-0.002612402,HSBA
140,-0.002612402,HSBA
141,-0.002062423,HSBA
142,-0.002199918,HSBA
143,-0.001649938,HSBA
144,-0.002612402,HSBA
145,-0.002887392,HSBA
146,-0.002749897,HSBA
147,-0.003121133,HSBA
148,-0.003162381,HSBA
149,-0.003437371,HSBA
150,-0.003574866,HSBA
151,-0.003437371,HSBA
152,-0.003437371,HSBA
153,-0.003162381,HSBA
154,-0.002887392,HSBA
155,-0.001924928,HSBA
156,-0.001649938,HSBA
157,-0.001924928,HSBA
158,-0.001512443,HSBA
159,-0.001099959,HSBA
160,-0.000824969,HSBA
161,-0.001374948,HSBA
162,-0.001099959,HSBA
163,-0.001649938,HSBA
164,-0.001787433,HSBA
165,-0.002199918,HSBA
166,-0.002887392,HSBA
167,-0.002749897,HSBA
168,-0.002887392,HSBA
169,-0.002749897,HSBA
170,-0.002887392,HSBA
171,-0.001924928,HSBA
172,-0.001787433,HSBA
173,-0.002337412,HSBA
174,-0.002749897,HSBA
175,-0.002749897,HSBA
176,-0.002887392,HSBA
177,-0.002749897,HSBA
178,-0.002612402,HSBA
179,-0.002062423,HSBA
180,-0.002474907,HSBA
181,-0.002612402,HSBA
182,-0.003299876,HSBA
183,-0.003437371,HSBA
184,-0.003437371,HSBA
185,-0.004674825,HSBA
186,-0.00481232,HSBA
187,-0.00453733,HSBA
188,-0.004949814,HSBA
189,-0.004949814,HSBA
190,-0.005362299,HSBA
191,-0.005637289,HSBA
192,-0.005981026,HSBA
193,-0.005912278,HSBA
194,-0.00453733,HSBA
195,-0.004399835,HSBA
196,-0.004949814,HSBA
197,-0.00481232,HSBA
198,-0.00481232,HSBA
199,-0.00481232,HSBA
200,-0.005362299,HSBA
201,-0.005637289,HSBA
202,-0.006049773,HSBA
203,-0.006049773,HSBA
204,-0.006187268,HSBA
205,-0.005912278,HSBA
206,-0.005637289,HSBA
207,-0.005087309,HSBA
208,-0.00453733,HSBA
209,-0.004674825,HSBA
210,-0.005087309,HSBA
211,-0.00481232,HSBA
212,-0.005087309,HSBA
213,-0.005912278,HSBA
214,-0.006324763,HSBA
215,-0.006049773,HSBA
216,-0.005912278,HSBA
217,-0.006187268,HSBA
218,-0.006049773,HSBA
219,-0.005774783,HSBA
220,-0.005087309,HSBA
221,-0.004399835,HSBA
222,-0.00453733,HSBA
223,-0.004399835,HSBA
224,-0.004399835,HSBA
225,-0.004124845,HSBA
226,-0.003712361,HSBA
227,-0.003437371,HSBA
228,-0.003162381,HSBA
229,-0.003024887,HSBA
230,-0.002887392,HSBA
231,-0.002969889,HSBA
232,-0.003437371,HSBA
233,-0.00398735,HSBA
234,-0.004166094,HSBA
235,-0.004674825,HSBA
236,-0.004674825,HSBA
237,-0.00453733,HSBA
238,-0.004949814,HSBA
239,-0.004674825,HSBA
240,-0.004949814,HSBA
241,-0.005499794,HSBA
242,-0.005637289,HSBA
243,-0.006049773,HSBA
244,-0.006324763,HSBA
245,-0.006599753,HSBA
246,-0.006874742,HSBA
247,-0.006737247,HSBA
248,-0.006737247,HSBA
249,-0.006874742,HSBA
250,-0.007424722,HSBA
251,-0.007562216,HSBA
252,-0.007424722,HSBA
253,-0.007012237,HSBA
254,-0.006874742,HSBA
255,-0.007012237,HSBA
256,-0.006874742,HSBA
257,-0.006874742,HSBA
258,-0.006462258,HSBA
259,-0.006462258,HSBA
260,-0.006462258,HSBA
261,-0.006737247,HSBA
262,-0.006324763,HSBA
263,-0.005912278,HSBA
264,-0.005499794,HSBA
265,-0.005362299,HSBA
266,-0.005499794,HSBA
267,-0.006049773,HSBA
268,-0.005499794,HSBA
269,-0.005637289,HSBA
270,-0.005774783,HSBA
271,-0.005637289,HSBA
272,-0.005499794,HSBA
273,-0.005362299,HSBA
274,-0.005224804,HSBA
275,-0.00492479,HSBA
276,-0.005362299,HSBA
277,-0.005362299,HSBA
278,-0.005637289,HSBA
279,-0.005499794,HSBA
280,-0.005362299,HSBA
281,-0.005362299,HSBA
282,-0.005224804,HSBA
283,-0.005362299,HSBA
284,-0.005362299,HSBA
285,-0.005362299,HSBA
286,-0.005637289,HSBA
287,-0.006049773,HSBA
288,-0.006324763,HSBA
289,-0.005637289,HSBA
290,-0.005912278,HSBA
291,-0.005774783,HSBA
292,-0.005774783,HSBA
293,-0.005774783,HSBA
294,-0.006187268,HSBA
295,-0.006324763,HSBA
296,-0.006599753,HSBA
297,-0.006462258,HSBA
298,-0.006503506,HSBA
299,-0.006531005,HSBA
300,-0.006874742,HSBA
301,-0.007012237,HSBA
302,-0.006874742,HSBA
303,-0.007012237,HSBA
304,-0.006737247,HSBA
305,-0.006599753,HSBA
306,-0.006737247,HSBA
307,-0.007080984,HSBA
308,-0.006874742,HSBA
309,-0.00694349,HSBA
310,-0.007149732,HSBA
311,-0.006874742,HSBA
312,-0.006531005,HSBA
313,-0.006599753,HSBA
314,-0.006324763,HSBA
315,-0.006187268,HSBA
316,-0.005774783,HSBA
317,-0.005912278,HSBA
318,-0.004949814,HSBA
319,-0.004881067,HSBA
320,-0.00453733,HSBA
321,-0.00398735,HSBA
322,-0.00398735,HSBA
323,-0.003712361,HSBA
324,-0.003918603,HSBA
325,-0.003162381,HSBA
326,-0.003024887,HSBA
327,-0.002749897,HSBA
328,-0.002749897,HSBA
329,-0.003162381,HSBA
330,-0.003437371,HSBA
331,-0.003574866,HSBA
332,-0.003574866,HSBA
333,-0.003299876,HSBA
334,-0.003437371,HSBA
335,-0.003299876,HSBA
336,-0.002887392,HSBA
337,-0.003162381,HSBA
338,-0.003003575,HSBA
339,-0.003024887,HSBA
340,-0.003244878,HSBA
341,-0.003712361,HSBA
342,-0.003849856,HSBA
343,-0.004056098,HSBA
344,-0.003849856,HSBA
345,-0.004193593,HSBA
346,-0.004056098,HSBA
347,-0.003299876,HSBA
348,-0.002887392,HSBA
349,-0.003024887,HSBA
350,-0.002887392,HSBA
351,-0.003712361,HSBA
352,-0.00398735,HSBA
353,-0.00398735,HSBA
354,-0.00398735,HSBA
355,-0.004124845,HSBA
356,-0.004193593,HSBA
357,-0.00398735,HSBA
358,-0.00398735,HSBA
359,-0.003849856,HSBA
360,-0.003849856,HSBA
361,-0.003849856,HSBA
362,-0.00398735,HSBA
363,-0.00398735,HSBA
364,-0.003643613,HSBA
365,-0.003712361,HSBA
366,-0.003712361,HSBA
367,-0.003712361,HSBA
368,-0.003291489,HSBA
369,-0.003024887,HSBA
370,-0.003299876,HSBA
371,-0.003712361,HSBA
372,-0.003712361,HSBA
373,-0.003849856,HSBA
374,-0.00426234,HSBA
375,-0.004124845,HSBA
376,-0.004124845,HSBA
377,-0.004399835,HSBA
378,-0.003849856,HSBA
379,-0.003849856,HSBA
380,-0.004056098,HSBA
381,-0.004124845,HSBA
382,-0.00426234,HSBA
383,-0.004399835,HSBA
384,-0.004674825,HSBA
385,-0.005087309,HSBA
386,-0.005087309,HSBA
387,-0.004949814,HSBA
388,-0.004949814,HSBA
389,-0.004124845,HSBA
390,-0.00426234,HSBA
391,-0.004124845,HSBA
392,-0.003671112,HSBA
393,-0.003574866,HSBA
394,-0.00426234,HSBA
395,-0.004124845,HSBA
396,-0.00481232,HSBA
397,-0.005499794,HSBA
398,-0.005774783,HSBA
399,-0.006599753,HSBA
400,-0.005499794,HSBA
401,-0.00481232,HSBA
402,-0.005087309,HSBA
403,-0.005774783,HSBA
404,-0.005912278,HSBA
405,-0.005912278,HSBA
406,-0.006187268,HSBA
407,-0.006187268,HSBA
408,-0.005774783,HSBA
409,-0.005774783,HSBA
410,-0.005499794,HSBA
411,-0.005499794,HSBA
412,-0.005637289,HSBA
413,-0.005774783,HSBA
414,-0.005912278,HSBA
415,-0.005362299,HSBA
416,-0.004949814,HSBA
417,-0.004949814,HSBA
418,-0.00426234,HSBA
419,-0.003849856,HSBA
420,-0.003712361,HSBA
421,-0.00398735,HSBA
422,-0.003849856,HSBA
423,-0.003712361,HSBA
424,-0.003712361,HSBA
425,-0.00398735,HSBA
426,-0.003574866,HSBA
427,-0.003437371,HSBA
428,-0.003024887,HSBA
429,-0.002612402,HSBA
430,-0.002749897,HSBA
431,-0.003024887,HSBA
432,-0.003574866,HSBA
433,-0.003299876,HSBA
434,-0.002887392,HSBA
435,-0.002887392,HSBA
436,-0.002887392,HSBA
437,-0.003024887,HSBA
438,-0.002749897,HSBA
439,-0.002337412,HSBA
440,-0.002612402,HSBA
441,-0.003712361,HSBA
442,-0.003299876,HSBA
443,-0.003162381,HSBA
444,-0.002887392,HSBA
445,-0.002612402,HSBA
446,-0.002199918,HSBA
447,-0.002474907,HSBA
448,-0.002199918,HSBA
449,-0.002749897,HSBA
450,-0.002474907,HSBA
451,-0.002612402,HSBA
452,-0.002199918,HSBA
453,-0.001924928,HSBA
454,-0.002062423,HSBA
455,-0.001924928,HSBA
456,-0.002199918,HSBA
457,-0.00213117,HSBA
458,-0.001787433,HSBA
459,-0.001966176,HSBA
460,-0.001787433,HSBA
461,-0.001787433,HSBA
462,-0.001099959,HSBA
463,-0.001787433,HSBA
464,-0.002062423,HSBA
465,-0.001924928,HSBA
466,-0.001649938,HSBA
467,-0.001924928,HSBA
468,-0.001649938,HSBA
469,-0.000962464,HSBA
470,-0.000824969,HSBA
471,-0.001237454,HSBA
472,-0.001649938,HSBA
473,-0.001924928,HSBA
474,-0.001787433,HSBA
475,-0.002474907,HSBA
476,-0.001993675,HSBA
477,-0.002612402,HSBA
478,-0.003299876,HSBA
479,-0.003024887,HSBA
480,-0.003437371,HSBA
481,-0.003437371,HSBA
482,-0.004124845,HSBA
483,-0.004399835,HSBA
484,-0.00481232,HSBA
485,-0.005087309,HSBA
486,-0.004949814,HSBA
487,-0.005637289,HSBA
488,-0.005499794,HSBA
489,-0.005224804,HSBA
490,-0.005087309,HSBA
491,-0.004949814,HSBA
492,-0.00453733,HSBA
493,-0.004124845,HSBA
494,-0.004399835,HSBA
495,-0.00453733,HSBA
496,-0.004949814,HSBA
497,-0.005499794,HSBA
498,-0.005774783,HSBA
499,-0.005362299,HSBA
500,-0.004949814,HSBA
501,-0.00453733,HSBA
502,-0.00426234,HSBA
503,-0.003849856,HSBA
504,-0.00426234,HSBA
505,-0.00426234,HSBA
506,-0.004399835,HSBA
507,-0.00453733,HSBA
508,-0.004949814,HSBA
1,0,LLOY
2,-0.002831994,LLOY
3,-0.003138155,LLOY
4,-0.002525832,LLOY
5,-0.002985075,LLOY
6,-0.003444317,LLOY
7,-0.00405664,LLOY
8,-0.002831994,LLOY
9,-0.001454267,LLOY
10,-0.002908534,LLOY
11,-0.002219671,LLOY
12,-0.000535783,LLOY
13,-0.001760429,LLOY
14,-0.00206659,LLOY
15,-0.001301186,LLOY
16,-0.00206659,LLOY
17,-0.003138155,LLOY
18,-0.002678913,LLOY
19,-0.002985075,LLOY
20,-0.002525832,LLOY
21,-0.002985075,LLOY
22,-0.002219671,LLOY
23,-0.00206659,LLOY
24,-0.002831994,LLOY
25,-0.002372752,LLOY
26,-0.001760429,LLOY
27,-0.001607348,LLOY
28,-0.001607348,LLOY
29,-0.000995025,LLOY
30,-0.001454267,LLOY
31,-0.001454267,LLOY
32,-0.001760429,LLOY
33,-0.001607348,LLOY
34,-0.001368542,LLOY
35,-0.001558821,LLOY
36,-0.001454267,LLOY
37,-0.001301186,LLOY
38,-0.001301186,LLOY
39,-0.001148106,LLOY
40,-0.000995025,LLOY
41,-0.001301186,LLOY
42,-0.002372752,LLOY
43,-0.003138155,LLOY
44,-0.004362801,LLOY
45,-0.002525832,LLOY
46,-0.003903559,LLOY
47,-0.003750478,LLOY
48,-0.004209721,LLOY
49,-0.003903559,LLOY
50,-0.003903559,LLOY
51,-0.003597398,LLOY
52,-0.003903559,LLOY
53,-0.003689246,LLOY
54,-0.004975124,LLOY
55,-0.004362801,LLOY
56,-0.004515882,LLOY
57,-0.004515882,LLOY
58,-0.004515882,LLOY
59,-0.004209721,LLOY
60,-0.004116341,LLOY
61,-0.004209721,LLOY
62,-0.004515882,LLOY
63,-0.004362801,LLOY
64,-0.004515882,LLOY
65,-0.004822044,LLOY
66,-0.004515882,LLOY
67,-0.004975124,LLOY
68,-0.004515882,LLOY
69,-0.004822044,LLOY
70,-0.004515882,LLOY
71,-0.004822044,LLOY
72,-0.00472101,LLOY
73,-0.004975124,LLOY
74,-0.004975124,LLOY
75,-0.004668963,LLOY
76,-0.004668963,LLOY
77,-0.004975124,LLOY
78,-0.005128205,LLOY
79,-0.004822044,LLOY
80,-0.005128205,LLOY
81,-0.004362801,LLOY
82,-0.004822044,LLOY
83,-0.004975124,LLOY
84,-0.005204746,LLOY
85,-0.005893609,LLOY
86,-0.005970149,LLOY
87,-0.006505932,LLOY
88,-0.006505932,LLOY
89,-0.007424416,LLOY
90,-0.008266361,LLOY
91,-0.009368542,LLOY
92,-0.010792193,LLOY
93,-0.012935323,LLOY
94,-0.012476081,LLOY
95,-0.011327976,LLOY
96,-0.011251435,LLOY
97,-0.011710677,LLOY
98,-0.013241485,LLOY
99,-0.013394566,LLOY
100,-0.013700727,LLOY
101,-0.013547646,LLOY
102,-0.013700727,LLOY
103,-0.014925373,LLOY
104,-0.014159969,LLOY
105,-0.013700727,LLOY
106,-0.011863758,LLOY
107,-0.012323,LLOY
108,-0.012476081,LLOY
109,-0.012323,LLOY
110,-0.011710677,LLOY
111,-0.010945274,LLOY
112,-0.012535783,LLOY
113,-0.011955607,LLOY
114,-0.012062763,LLOY
115,-0.013624187,LLOY
116,-0.014159969,LLOY
117,-0.013607348,LLOY
118,-0.014159969,LLOY
119,-0.013394566,LLOY
120,-0.01216992,LLOY
121,-0.012323,LLOY
122,-0.013853808,LLOY
123,-0.014006889,LLOY
124,-0.012782243,LLOY
125,-0.012016839,LLOY
126,-0.01216992,LLOY
127,-0.012629162,LLOY
128,-0.012323,LLOY
129,-0.012323,LLOY
130,-0.011710677,LLOY
131,-0.010639112,LLOY
132,-0.010545733,LLOY
133,-0.010332951,LLOY
134,-0.010026789,LLOY
135,-0.010332951,LLOY
136,-0.01017987,LLOY
137,-0.011098354,LLOY
138,-0.012016839,LLOY
139,-0.013258324,LLOY
140,-0.012935323,LLOY
141,-0.01224646,LLOY
142,-0.011863758,LLOY
143,-0.011098354,LLOY
144,-0.01216992,LLOY
145,-0.012629162,LLOY
146,-0.011404516,LLOY
147,-0.010639112,LLOY
148,-0.011251435,LLOY
149,-0.011557597,LLOY
150,-0.011343284,LLOY
151,-0.01216992,LLOY
152,-0.012016839,LLOY
153,-0.011863758,LLOY
154,-0.011404516,LLOY
155,-0.010026789,LLOY
156,-0.008802143,LLOY
157,-0.009720628,LLOY
158,-0.009414466,LLOY
159,-0.008802143,LLOY
160,-0.008802143,LLOY
161,-0.010026789,LLOY
162,-0.009567547,LLOY
163,-0.01017987,LLOY
164,-0.011404516,LLOY
165,-0.012016839,LLOY
166,-0.012629162,LLOY
167,-0.012476081,LLOY
168,-0.012476081,LLOY
169,-0.01216992,LLOY
170,-0.01216992,LLOY
171,-0.011404516,LLOY
172,-0.010639112,LLOY
173,-0.011557597,LLOY
174,-0.011710677,LLOY
175,-0.011863758,LLOY
176,-0.011863758,LLOY
177,-0.011863758,LLOY
178,-0.011863758,LLOY
179,-0.011251435,LLOY
180,-0.011710677,LLOY
181,-0.011762725,LLOY
182,-0.012782243,LLOY
183,-0.012935323,LLOY
184,-0.012629162,LLOY
185,-0.01431305,LLOY
186,-0.013792576,LLOY
187,-0.013241485,LLOY
188,-0.013241485,LLOY
189,-0.012782243,LLOY
190,-0.012629162,LLOY
191,-0.012995025,LLOY
192,-0.013700727,LLOY
193,-0.013241485,LLOY
194,-0.011863758,LLOY
195,-0.012016839,LLOY
196,-0.012782243,LLOY
197,-0.012476081,LLOY
198,-0.012935323,LLOY
199,-0.011710677,LLOY
200,-0.012629162,LLOY
201,-0.012935323,LLOY
202,-0.012476081,LLOY
203,-0.012323,LLOY
204,-0.012016839,LLOY
205,-0.012016839,LLOY
206,-0.011710677,LLOY
207,-0.010332951,LLOY
208,-0.011404516,LLOY
209,-0.011404516,LLOY
210,-0.011863758,LLOY
211,-0.01216992,LLOY
212,-0.012935323,LLOY
213,-0.013853808,LLOY
214,-0.013241485,LLOY
215,-0.012782243,LLOY
216,-0.012935323,LLOY
217,-0.013241485,LLOY
218,-0.013700727,LLOY
219,-0.013241485,LLOY
220,-0.012935323,LLOY
221,-0.012323,LLOY
222,-0.012935323,LLOY
223,-0.012782243,LLOY
224,-0.012843475,LLOY
225,-0.012629162,LLOY
226,-0.012476081,LLOY
227,-0.012629162,LLOY
228,-0.012782243,LLOY
229,-0.012016839,LLOY
230,-0.011710677,LLOY
231,-0.011863758,LLOY
232,-0.012782243,LLOY
233,-0.012476081,LLOY
234,-0.012332185,LLOY
235,-0.013700727,LLOY
236,-0.013394566,LLOY
237,-0.013547646,LLOY
238,-0.013241485,LLOY
239,-0.013394566,LLOY
240,-0.014006889,LLOY
241,-0.013578263,LLOY
242,-0.013700727,LLOY
243,-0.013700727,LLOY
244,-0.013547646,LLOY
245,-0.013853808,LLOY
246,-0.014006889,LLOY
247,-0.013547646,LLOY
248,-0.013394566,LLOY
249,-0.013547646,LLOY
250,-0.01431305,LLOY
251,-0.014440107,LLOY
252,-0.01431305,LLOY
253,-0.013700727,LLOY
254,-0.013394566,LLOY
255,-0.013853808,LLOY
256,-0.014159969,LLOY
257,-0.01431305,LLOY
258,-0.01431305,LLOY
259,-0.014159969,LLOY
260,-0.014466131,LLOY
261,-0.014159969,LLOY
262,-0.014006889,LLOY
263,-0.013853808,LLOY
264,-0.013241485,LLOY
265,-0.012935323,LLOY
266,-0.013394566,LLOY
267,-0.013853808,LLOY
268,-0.013547646,LLOY
269,-0.013394566,LLOY
270,-0.013088404,LLOY
271,-0.012629162,LLOY
272,-0.012476081,LLOY
273,-0.012476081,LLOY
274,-0.012323,LLOY
275,-0.012629162,LLOY
276,-0.013241485,LLOY
277,-0.012476081,LLOY
278,-0.012782243,LLOY
279,-0.012476081,LLOY
280,-0.012476081,LLOY
281,-0.012552622,LLOY
282,-0.011863758,LLOY
283,-0.012476081,LLOY
284,-0.012476081,LLOY
285,-0.01216992,LLOY
286,-0.01216992,LLOY
287,-0.01256793,LLOY
288,-0.012782243,LLOY
289,-0.012476081,LLOY
290,-0.012629162,LLOY
291,-0.012016839,LLOY
292,-0.01216992,LLOY
293,-0.012016839,LLOY
294,-0.012476081,LLOY
295,-0.012261768,LLOY
296,-0.012261768,LLOY
297,-0.012261768,LLOY
298,-0.01216992,LLOY
299,-0.01216992,LLOY
300,-0.012476081,LLOY
301,-0.012016839,LLOY
302,-0.011404516,LLOY
303,-0.011496364,LLOY
304,-0.011404516,LLOY
305,-0.011557597,LLOY
306,-0.010945274,LLOY
307,-0.011710677,LLOY
308,-0.011404516,LLOY
309,-0.011710677,LLOY
310,-0.012476081,LLOY
311,-0.011863758,LLOY
312,-0.012016839,LLOY
313,-0.011863758,LLOY
314,-0.01216992,LLOY
315,-0.011863758,LLOY
316,-0.010945274,LLOY
317,-0.010639112,LLOY
318,-0.01017987,LLOY
319,-0.009873708,LLOY
320,-0.010118638,LLOY
321,-0.00898584,LLOY
322,-0.008955224,LLOY
323,-0.008955224,LLOY
324,-0.008036739,LLOY
325,-0.008036739,LLOY
326,-0.00818982,LLOY
327,-0.007577497,LLOY
328,-0.007271336,LLOY
329,-0.007364715,LLOY
330,-0.008649062,LLOY
331,-0.009108305,LLOY
332,-0.008955224,LLOY
333,-0.008342901,LLOY
334,-0.008802143,LLOY
335,-0.008955224,LLOY
336,-0.008036739,LLOY
337,-0.00818982,LLOY
338,-0.007730578,LLOY
339,-0.008036739,LLOY
340,-0.008802143,LLOY
341,-0.009108305,LLOY
342,-0.009261385,LLOY
343,-0.009261385,LLOY
344,-0.009108305,LLOY
345,-0.009414466,LLOY
346,-0.007577497,LLOY
347,-0.008036739,LLOY
348,-0.007577497,LLOY
349,-0.007730578,LLOY
350,-0.008036739,LLOY
351,-0.008342901,LLOY
352,-0.007577497,LLOY
353,-0.009108305,LLOY
354,-0.009567547,LLOY
355,-0.010119556,LLOY
356,-0.009720628,LLOY
357,-0.009567547,LLOY
358,-0.008802143,LLOY
359,-0.008802143,LLOY
360,-0.008802143,LLOY
361,-0.009108305,LLOY
362,-0.009261385,LLOY
363,-0.009154229,LLOY
364,-0.009321087,LLOY
365,-0.009261385,LLOY
366,-0.009414466,LLOY
367,-0.009414466,LLOY
368,-0.008863375,LLOY
369,-0.008649062,LLOY
370,-0.008955224,LLOY
371,-0.009720628,LLOY
372,-0.009873708,LLOY
373,-0.010332951,LLOY
374,-0.011038041,LLOY
375,-0.011344202,LLOY
376,-0.011098354,LLOY
377,-0.010884041,LLOY
378,-0.010332951,LLOY
379,-0.010332951,LLOY
380,-0.01017987,LLOY
381,-0.010639112,LLOY
382,-0.010792193,LLOY
383,-0.011251435,LLOY
384,-0.011344814,LLOY
385,-0.011710677,LLOY
386,-0.011710677,LLOY
387,-0.010945274,LLOY
388,-0.010332951,LLOY
389,-0.009261385,LLOY
390,-0.009414466,LLOY
391,-0.009567547,LLOY
392,-0.009567547,LLOY
393,-0.009720628,LLOY
394,-0.009628779,LLOY
395,-0.01017987,LLOY
396,-0.010486031,LLOY
397,-0.011710677,LLOY
398,-0.012016839,LLOY
399,-0.012782243,LLOY
400,-0.012323,LLOY
401,-0.011863758,LLOY
402,-0.012323,LLOY
403,-0.01216992,LLOY
404,-0.012629162,LLOY
405,-0.012629162,LLOY
406,-0.012476081,LLOY
407,-0.01256793,LLOY
408,-0.01216992,LLOY
409,-0.012016839,LLOY
410,-0.011710677,LLOY
411,-0.011098354,LLOY
412,-0.011251435,LLOY
413,-0.01192346,LLOY
414,-0.012476081,LLOY
415,-0.012476081,LLOY
416,-0.012323,LLOY
417,-0.012476081,LLOY
418,-0.011863758,LLOY
419,-0.011557597,LLOY
420,-0.011710677,LLOY
421,-0.011710677,LLOY
422,-0.011710677,LLOY
423,-0.011098354,LLOY
424,-0.010792193,LLOY
425,-0.010792193,LLOY
426,-0.010792193,LLOY
427,-0.010486031,LLOY
428,-0.010792193,LLOY
429,-0.01017987,LLOY
430,-0.010409491,LLOY
431,-0.010486031,LLOY
432,-0.011404516,LLOY
433,-0.011404516,LLOY
434,-0.011557597,LLOY
435,-0.01216992,LLOY
436,-0.012688863,LLOY
437,-0.012782243,LLOY
438,-0.012782243,LLOY
439,-0.012476081,LLOY
440,-0.012782243,LLOY
441,-0.012629162,LLOY
442,-0.012629162,LLOY
443,-0.012782243,LLOY
444,-0.01272101,LLOY
445,-0.012782243,LLOY
446,-0.012629162,LLOY
447,-0.012705702,LLOY
448,-0.011863758,LLOY
449,-0.012323,LLOY
450,-0.012476081,LLOY
451,-0.012629162,LLOY
452,-0.012713356,LLOY
453,-0.012782243,LLOY
454,-0.013088404,LLOY
455,-0.012782243,LLOY
456,-0.013088404,LLOY
457,-0.012629162,LLOY
458,-0.012323,LLOY
459,-0.012629162,LLOY
460,-0.012323,LLOY
461,-0.012032147,LLOY
462,-0.011863758,LLOY
463,-0.012323,LLOY
464,-0.012629162,LLOY
465,-0.012323,LLOY
466,-0.01216992,LLOY
467,-0.012016839,LLOY
468,-0.011251435,LLOY
469,-0.010792193,LLOY
470,-0.010792193,LLOY
471,-0.010945274,LLOY
472,-0.011710677,LLOY
473,-0.011863758,LLOY
474,-0.012016839,LLOY
475,-0.012782243,LLOY
476,-0.012935323,LLOY
477,-0.012476081,LLOY
478,-0.012629162,LLOY
479,-0.012688863,LLOY
480,-0.013241485,LLOY
481,-0.014466131,LLOY
482,-0.014772292,LLOY
483,-0.015078454,LLOY
484,-0.014695752,LLOY
485,-0.014772292,LLOY
486,-0.014925373,LLOY
487,-0.015384615,LLOY
488,-0.015231535,LLOY
489,-0.014772292,LLOY
490,-0.015078454,LLOY
491,-0.015231535,LLOY
492,-0.014925373,LLOY
493,-0.014925373,LLOY
494,-0.015231535,LLOY
495,-0.015078454,LLOY
496,-0.015078454,LLOY
497,-0.015231535,LLOY
498,-0.015231535,LLOY
499,-0.015231535,LLOY
500,-0.014925373,LLOY
501,-0.015078454,LLOY
502,-0.014619212,LLOY
503,-0.013853808,LLOY
504,-0.014466131,LLOY
505,-0.014006889,LLOY
506,-0.014159969,LLOY
507,-0.01431305,LLOY
508,-0.014925373,LLOY
1,0,RBS
2,-0.01322199,RBS
3,-0.009220598,RBS
4,-0.006263048,RBS
5,-0.008034447,RBS
6,-0.008350731,RBS
7,-0.006263048,RBS
8,-0.005915101,RBS
9,-0.008350731,RBS
10,-0.008002784,RBS
11,-0.007132916,RBS
12,-0.006958942,RBS
13,-0.006715727,RBS
14,-0.007654836,RBS
15,-0.007306889,RBS
16,-0.008350731,RBS
17,-0.008350731,RBS
18,-0.009046625,RBS
19,-0.013569937,RBS
20,-0.012874043,RBS
21,-0.013917884,RBS
22,-0.013917884,RBS
23,-0.016701461,RBS
24,-0.016701461,RBS
25,-0.016527488,RBS
26,-0.01565762,RBS
27,-0.016005567,RBS
28,-0.016005567,RBS
29,-0.014961726,RBS
30,-0.014961726,RBS
31,-0.014961726,RBS
32,-0.01565762,RBS
33,-0.017049408,RBS
34,-0.017049408,RBS
35,-0.016701461,RBS
36,-0.016353514,RBS
37,-0.016353514,RBS
38,-0.016701461,RBS
39,-0.016701461,RBS
40,-0.016353514,RBS
41,-0.017049408,RBS
42,-0.019485038,RBS
43,-0.020876827,RBS
44,-0.021224774,RBS
45,-0.021224774,RBS
46,-0.023660404,RBS
47,-0.025052192,RBS
48,-0.026096033,RBS
49,-0.026096033,RBS
50,-0.025748086,RBS
51,-0.022268615,RBS
52,-0.023312457,RBS
53,-0.022268615,RBS
54,-0.025052192,RBS
55,-0.025052192,RBS
56,-0.026096033,RBS
57,-0.025400139,RBS
58,-0.026096033,RBS
59,-0.024704245,RBS
60,-0.025991649,RBS
61,-0.025748086,RBS
62,-0.026443981,RBS
63,-0.025748086,RBS
64,-0.026443981,RBS
65,-0.026443981,RBS
66,-0.025400139,RBS
67,-0.025748086,RBS
68,-0.025748086,RBS
69,-0.026096033,RBS
70,-0.025226166,RBS
71,-0.025748086,RBS
72,-0.024704245,RBS
73,-0.024704245,RBS
74,-0.025052192,RBS
75,-0.025400139,RBS
76,-0.025400139,RBS
77,-0.025748086,RBS
78,-0.025748086,RBS
79,-0.025748086,RBS
80,-0.02592206,RBS
81,-0.025991649,RBS
82,-0.026096033,RBS
83,-0.026443981,RBS
84,-0.026791928,RBS
85,-0.026791928,RBS
86,-0.027139875,RBS
87,-0.029575505,RBS
88,-0.029923452,RBS
89,-0.030271399,RBS
90,-0.030619346,RBS
91,-0.03131524,RBS
92,-0.033054976,RBS
93,-0.0361865,RBS
94,-0.035838553,RBS
95,-0.035142658,RBS
96,-0.034098817,RBS
97,-0.032707029,RBS
98,-0.032359081,RBS
99,-0.030967293,RBS
100,-0.029923452,RBS
101,-0.029227557,RBS
102,-0.029575505,RBS
103,-0.030619346,RBS
104,-0.029923452,RBS
105,-0.028705637,RBS
106,-0.026443981,RBS
107,-0.027139875,RBS
108,-0.026096033,RBS
109,-0.026096033,RBS
110,-0.025400139,RBS
111,-0.024356298,RBS
112,-0.025052192,RBS
113,-0.025748086,RBS
114,-0.026791928,RBS
115,-0.027139875,RBS
116,-0.030619346,RBS
117,-0.029227557,RBS
118,-0.029923452,RBS
119,-0.030619346,RBS
120,-0.029575505,RBS
121,-0.030097425,RBS
122,-0.030967293,RBS
123,-0.034446764,RBS
124,-0.033054976,RBS
125,-0.032359081,RBS
126,-0.032707029,RBS
127,-0.032707029,RBS
128,-0.031663187,RBS
129,-0.032011134,RBS
130,-0.030967293,RBS
131,-0.030967293,RBS
132,-0.030619346,RBS
133,-0.030271399,RBS
134,-0.030445372,RBS
135,-0.030967293,RBS
136,-0.029923452,RBS
137,-0.029923452,RBS
138,-0.030967293,RBS
139,-0.031663187,RBS
140,-0.032011134,RBS
141,-0.030445372,RBS
142,-0.029227557,RBS
143,-0.027139875,RBS
144,-0.027835769,RBS
145,-0.027487822,RBS
146,-0.027139875,RBS
147,-0.026443981,RBS
148,-0.026096033,RBS
149,-0.026443981,RBS
150,-0.026443981,RBS
151,-0.026096033,RBS
152,-0.025748086,RBS
153,-0.025400139,RBS
154,-0.025400139,RBS
155,-0.022616562,RBS
156,-0.023312457,RBS
157,-0.022616562,RBS
158,-0.022616562,RBS
159,-0.022616562,RBS
160,-0.022442589,RBS
161,-0.024356298,RBS
162,-0.023660404,RBS
163,-0.024008351,RBS
164,-0.025400139,RBS
165,-0.026096033,RBS
166,-0.027487822,RBS
167,-0.024704245,RBS
168,-0.025400139,RBS
169,-0.024704245,RBS
170,-0.025748086,RBS
171,-0.024008351,RBS
172,-0.022616562,RBS
173,-0.025400139,RBS
174,-0.026096033,RBS
175,-0.026096033,RBS
176,-0.026443981,RBS
177,-0.025748086,RBS
178,-0.025052192,RBS
179,-0.024356298,RBS
180,-0.026096033,RBS
181,-0.027139875,RBS
182,-0.027487822,RBS
183,-0.028183716,RBS
184,-0.027835769,RBS
185,-0.029575505,RBS
186,-0.030967293,RBS
187,-0.029923452,RBS
188,-0.029575505,RBS
189,-0.029575505,RBS
190,-0.029227557,RBS
191,-0.029575505,RBS
192,-0.029923452,RBS
193,-0.028183716,RBS
194,-0.026096033,RBS
195,-0.026443981,RBS
196,-0.026791928,RBS
197,-0.026443981,RBS
198,-0.027835769,RBS
199,-0.026443981,RBS
200,-0.026443981,RBS
201,-0.027139875,RBS
202,-0.026791928,RBS
203,-0.026791928,RBS
204,-0.027139875,RBS
205,-0.026791928,RBS
206,-0.027487822,RBS
207,-0.026443981,RBS
208,-0.027139875,RBS
209,-0.026791928,RBS
210,-0.026791928,RBS
211,-0.02679158,RBS
212,-0.025400139,RBS
213,-0.026096033,RBS
214,-0.026443981,RBS
215,-0.025748086,RBS
216,-0.025052192,RBS
217,-0.025052192,RBS
218,-0.025400139,RBS
219,-0.025748086,RBS
220,-0.025052192,RBS
221,-0.025052192,RBS
222,-0.025052192,RBS
223,-0.025052192,RBS
224,-0.025052192,RBS
225,-0.024704245,RBS
226,-0.025052192,RBS
227,-0.025052192,RBS
228,-0.025052192,RBS
229,-0.024008351,RBS
230,-0.024008351,RBS
231,-0.024356298,RBS
232,-0.025400139,RBS
233,-0.025052192,RBS
234,-0.025052192,RBS
235,-0.025400139,RBS
236,-0.025748086,RBS
237,-0.025400139,RBS
238,-0.025400139,RBS
239,-0.024946764,RBS
240,-0.025748086,RBS
241,-0.025052192,RBS
242,-0.025748086,RBS
243,-0.025748086,RBS
244,-0.025748086,RBS
245,-0.025748086,RBS
246,-0.026443981,RBS
247,-0.026096033,RBS
248,-0.026443981,RBS
249,-0.026443981,RBS
250,-0.027139875,RBS
251,-0.027487822,RBS
252,-0.027313848,RBS
253,-0.027487822,RBS
254,-0.027139875,RBS
255,-0.026791928,RBS
256,-0.026617954,RBS
257,-0.026443981,RBS
258,-0.026096033,RBS
259,-0.026096033,RBS
260,-0.026443981,RBS
261,-0.026791928,RBS
262,-0.026096033,RBS
263,-0.026096033,RBS
264,-0.025748086,RBS
265,-0.025400139,RBS
266,-0.025748086,RBS
267,-0.026096033,RBS
268,-0.025991649,RBS
269,-0.025574113,RBS
270,-0.025400139,RBS
271,-0.025052192,RBS
272,-0.024704245,RBS
273,-0.025052192,RBS
274,-0.025052192,RBS
275,-0.024704245,RBS
276,-0.024946764,RBS
277,-0.025400139,RBS
278,-0.025400139,RBS
279,-0.025574113,RBS
280,-0.025748086,RBS
281,-0.025400139,RBS
282,-0.025748086,RBS
283,-0.025400139,RBS
284,-0.025748086,RBS
285,-0.025748086,RBS
286,-0.026443981,RBS
287,-0.026443981,RBS
288,-0.026443981,RBS
289,-0.026096033,RBS
290,-0.026443981,RBS
291,-0.027383438,RBS
292,-0.027835769,RBS
293,-0.027835769,RBS
294,-0.028183716,RBS
295,-0.028009743,RBS
296,-0.027835769,RBS
297,-0.029227557,RBS
298,-0.029122129,RBS
299,-0.029575505,RBS
300,-0.029575505,RBS
301,-0.029575505,RBS
302,-0.029227557,RBS
303,-0.029575505,RBS
304,-0.030097425,RBS
305,-0.030271399,RBS
306,-0.029575505,RBS
307,-0.030619346,RBS
308,-0.029575505,RBS
309,-0.029923452,RBS
310,-0.029575505,RBS
311,-0.029227557,RBS
312,-0.02887961,RBS
313,-0.028183716,RBS
314,-0.026791928,RBS
315,-0.026617954,RBS
316,-0.026791928,RBS
317,-0.026096033,RBS
318,-0.025748086,RBS
319,-0.025748086,RBS
320,-0.023660404,RBS
321,-0.023312457,RBS
322,-0.022964509,RBS
323,-0.020876827,RBS
324,-0.021572721,RBS
325,-0.022964509,RBS
326,-0.023312457,RBS
327,-0.023660404,RBS
328,-0.023556019,RBS
329,-0.022964509,RBS
330,-0.023660404,RBS
331,-0.023660404,RBS
332,-0.022616562,RBS
333,-0.022442589,RBS
334,-0.022094642,RBS
335,-0.022268615,RBS
336,-0.022616562,RBS
337,-0.022964509,RBS
338,-0.023660404,RBS
339,-0.024008351,RBS
340,-0.024008351,RBS
341,-0.024704245,RBS
342,-0.024878219,RBS
343,-0.023660404,RBS
344,-0.023660404,RBS
345,-0.022616562,RBS
346,-0.023312457,RBS
347,-0.023660404,RBS
348,-0.024356298,RBS
349,-0.023312457,RBS
350,-0.023660404,RBS
351,-0.024008351,RBS
352,-0.025052192,RBS
353,-0.025052192,RBS
354,-0.023660404,RBS
355,-0.022964509,RBS
356,-0.022964509,RBS
357,-0.023312457,RBS
358,-0.023660404,RBS
359,-0.023660404,RBS
360,-0.025052192,RBS
361,-0.024704245,RBS
362,-0.024356298,RBS
363,-0.024704245,RBS
364,-0.024008351,RBS
365,-0.024008351,RBS
366,-0.025052192,RBS
367,-0.025400139,RBS
368,-0.025400139,RBS
369,-0.025400139,RBS
370,-0.026443981,RBS
371,-0.026443981,RBS
372,-0.025052192,RBS
373,-0.026096033,RBS
374,-0.024704245,RBS
375,-0.024356298,RBS
376,-0.024008351,RBS
377,-0.024530271,RBS
378,-0.025052192,RBS
379,-0.025400139,RBS
380,-0.025748086,RBS
381,-0.025052192,RBS
382,-0.025748086,RBS
383,-0.024704245,RBS
384,-0.025400139,RBS
385,-0.024008351,RBS
386,-0.023312457,RBS
387,-0.023312457,RBS
388,-0.022964509,RBS
389,-0.023312457,RBS
390,-0.024008351,RBS
391,-0.023312457,RBS
392,-0.023660404,RBS
393,-0.024704245,RBS
394,-0.025400139,RBS
395,-0.026096033,RBS
396,-0.024704245,RBS
397,-0.024356298,RBS
398,-0.024356298,RBS
399,-0.023660404,RBS
400,-0.022616562,RBS
401,-0.022268615,RBS
402,-0.021572721,RBS
403,-0.022268615,RBS
404,-0.020180932,RBS
405,-0.019832985,RBS
406,-0.018441197,RBS
407,-0.01809325,RBS
408,-0.016353514,RBS
409,-0.017397356,RBS
410,-0.017745303,RBS
411,-0.018441197,RBS
412,-0.018789144,RBS
413,-0.019485038,RBS
414,-0.017049408,RBS
415,-0.017049408,RBS
416,-0.017397356,RBS
417,-0.016701461,RBS
418,-0.016353514,RBS
419,-0.01565762,RBS
420,-0.016838553,RBS
421,-0.01809325,RBS
422,-0.017745303,RBS
423,-0.01809325,RBS
424,-0.018441197,RBS
425,-0.018789144,RBS
426,-0.019137091,RBS
427,-0.019137091,RBS
428,-0.019832985,RBS
429,-0.019832985,RBS
430,-0.019832985,RBS
431,-0.019832985,RBS
432,-0.02052888,RBS
433,-0.021224774,RBS
434,-0.021572721,RBS
435,-0.020389701,RBS
436,-0.021572721,RBS
437,-0.021224774,RBS
438,-0.020633264,RBS
439,-0.020876827,RBS
440,-0.021572721,RBS
441,-0.020876827,RBS
442,-0.02052888,RBS
443,-0.021572721,RBS
444,-0.02052888,RBS
445,-0.020876827,RBS
446,-0.021224774,RBS
447,-0.021572721,RBS
448,-0.022268615,RBS
449,-0.022616562,RBS
450,-0.022268615,RBS
451,-0.021224774,RBS
452,-0.021572721,RBS
453,-0.021572721,RBS
454,-0.021572721,RBS
455,-0.021920668,RBS
456,-0.021572721,RBS
457,-0.021920668,RBS
458,-0.021572721,RBS
459,-0.021572721,RBS
460,-0.021572721,RBS
461,-0.021329158,RBS
462,-0.021572721,RBS
463,-0.021572721,RBS
464,-0.021224774,RBS
465,-0.019832985,RBS
466,-0.020180932,RBS
467,-0.019589422,RBS
468,-0.02052888,RBS
469,-0.02052888,RBS
470,-0.02052888,RBS
471,-0.02052888,RBS
472,-0.02052888,RBS
473,-0.019832985,RBS
474,-0.020320111,RBS
475,-0.02052888,RBS
476,-0.02052888,RBS
477,-0.021224774,RBS
478,-0.022790536,RBS
479,-0.023312457,RBS
480,-0.023312457,RBS
481,-0.024356298,RBS
482,-0.024530271,RBS
483,-0.025052192,RBS
484,-0.025400139,RBS
485,-0.025400139,RBS
486,-0.025400139,RBS
487,-0.025400139,RBS
488,-0.025052192,RBS
489,-0.025156576,RBS
490,-0.025505567,RBS
491,-0.026443981,RBS
492,-0.027139875,RBS
493,-0.027350731,RBS
494,-0.027835769,RBS
495,-0.026791928,RBS
496,-0.027139875,RBS
497,-0.027835769,RBS
498,-0.026791928,RBS
499,-0.025748086,RBS
500,-0.026791928,RBS
501,-0.025400139,RBS
502,-0.025400139,RBS
503,-0.024704245,RBS
504,-0.025748086,RBS
505,-1,RBS
506,-1,RBS
507,-1,RBS
508,-1,RBS
1,0,STAN
2,-0.003834511,STAN
3,-0.004372688,STAN
4,-0.002623613,STAN
5,-0.002489068,STAN
6,-0.002354524,STAN
7,-0.002892701,STAN
8,-0.002623613,STAN
9,-0.000739993,STAN
10,-0.001950891,STAN
11,-0.001681803,STAN
12,0.00221998,STAN
13,0.002085436,STAN
14,0.002892701,STAN
15,0.00571813,STAN
16,0.001547259,STAN
17,0.001412714,STAN
18,0.00127817,STAN
19,0.001547259,STAN
20,0.00221998,STAN
21,0.002892701,STAN
22,0.001950891,STAN
23,0.002892701,STAN
24,0.004238143,STAN
25,0.00477632,STAN
26,0.00571813,STAN
27,0.005045409,STAN
28,0.004910864,STAN
29,0.005179953,STAN
30,0.005987218,STAN
31,0.004641776,STAN
32,0.003027245,STAN
33,0.003027245,STAN
34,0.004641776,STAN
35,0.003969055,STAN
36,0.003834511,STAN
37,0.004507232,STAN
38,0.004103599,STAN
39,0.003699966,STAN
40,0.004372688,STAN
41,0.003969055,STAN
42,0.00221998,STAN
43,0.000739993,STAN
44,-6.72721E-05,STAN
45,-6.72721E-05,STAN
46,-0.000201816,STAN
47,-6.72721E-05,STAN
48,-0.000201816,STAN
49,-0.000470905,STAN
50,0.001009082,STAN
51,0.000739993,STAN
52,0.001816347,STAN
53,0.002354524,STAN
54,0.001143626,STAN
55,0.001816347,STAN
56,0.000739993,STAN
57,0.001412714,STAN
58,0.001143626,STAN
59,0.00221998,STAN
60,0.001009082,STAN
61,0.000470905,STAN
62,0.000470905,STAN
63,0.000470905,STAN
64,-0.000470905,STAN
65,-0.000739993,STAN
66,6.72721E-05,STAN
67,-0.000605449,STAN
68,-0.000874538,STAN
69,-0.001681803,STAN
70,-0.001143626,STAN
71,-0.001143626,STAN
72,-0.001950891,STAN
73,-0.002623613,STAN
74,-0.002758157,STAN
75,-0.003161789,STAN
76,-0.003969055,STAN
77,-0.00571813,STAN
78,-0.006256307,STAN
79,-0.006659939,STAN
80,-0.007063572,STAN
81,-0.006121763,STAN
82,-0.006121763,STAN
83,-0.006256307,STAN
84,-0.006659939,STAN
85,-0.007601749,STAN
86,-0.007601749,STAN
87,-0.008005382,STAN
88,-0.008947191,STAN
89,-0.008812647,STAN
90,-0.008543559,STAN
91,-0.009619913,STAN
92,-0.010561722,STAN
93,-0.012983518,STAN
94,-0.012176253,STAN
95,-0.011099899,STAN
96,-0.010427178,STAN
97,-0.011638076,STAN
98,-0.01177262,STAN
99,-0.009754457,STAN
100,-0.009350824,STAN
101,-0.008812647,STAN
102,-0.008812647,STAN
103,-0.010158089,STAN
104,-0.010427178,STAN
105,-0.008543559,STAN
106,-0.006525395,STAN
107,-0.006929028,STAN
108,-0.006121763,STAN
109,-0.005987218,STAN
110,-0.005314497,STAN
111,-0.003969055,STAN
112,-0.005045409,STAN
113,-0.005179953,STAN
114,-0.006390851,STAN
115,-0.007063572,STAN
116,-0.007601749,STAN
117,-0.006659939,STAN
118,-0.006929028,STAN
119,-0.007736293,STAN
120,-0.007198116,STAN
121,-0.007736293,STAN
122,-0.007736293,STAN
123,-0.00827447,STAN
124,-0.007736293,STAN
125,-0.00571813,STAN
126,-0.006121763,STAN
127,-0.005987218,STAN
128,-0.005449041,STAN
129,-0.006121763,STAN
130,-0.005852674,STAN
131,-0.006659939,STAN
132,-0.007198116,STAN
133,-0.008005382,STAN
134,-0.008678103,STAN
135,-0.009754457,STAN
136,-0.009350824,STAN
137,-0.010427178,STAN
138,-0.011099899,STAN
139,-0.011974437,STAN
140,-0.011368988,STAN
141,-0.010696266,STAN
142,-0.010965355,STAN
143,-0.010023545,STAN
144,-0.010830811,STAN
145,-0.010561722,STAN
146,-0.011099899,STAN
147,-0.011234443,STAN
148,-0.010292634,STAN
149,-0.011234443,STAN
150,-0.012041709,STAN
151,-0.01177262,STAN
152,-0.011099899,STAN
153,-0.011368988,STAN
154,-0.011368988,STAN
155,-0.009619913,STAN
156,-0.008678103,STAN
157,-0.008543559,STAN
158,-0.008543559,STAN
159,-0.006659939,STAN
160,-0.006121763,STAN
161,-0.007198116,STAN
162,-0.007736293,STAN
163,-0.008812647,STAN
164,-0.009350824,STAN
165,-0.010292634,STAN
166,-0.010965355,STAN
167,-0.010965355,STAN
168,-0.011099899,STAN
169,-0.010292634,STAN
170,-0.010427178,STAN
171,-0.009350824,STAN
172,-0.008947191,STAN
173,-0.008543559,STAN
174,-0.00921628,STAN
175,-0.009350824,STAN
176,-0.00921628,STAN
177,-0.008678103,STAN
178,-0.008139926,STAN
179,-0.007736293,STAN
180,-0.008005382,STAN
181,-0.008543559,STAN
182,-0.008947191,STAN
183,-0.009350824,STAN
184,-0.008947191,STAN
185,-0.010427178,STAN
186,-0.010696266,STAN
187,-0.010427178,STAN
188,-0.010561722,STAN
189,-0.010830811,STAN
190,-0.010965355,STAN
191,-0.012041709,STAN
192,-0.011368988,STAN
193,-0.011503532,STAN
194,-0.010158089,STAN
195,-0.009619913,STAN
196,-0.010696266,STAN
197,-0.010023545,STAN
198,-0.010561722,STAN
199,-0.010292634,STAN
200,-0.011234443,STAN
201,-0.01177262,STAN
202,-0.011234443,STAN
203,-0.010696266,STAN
204,-0.011099899,STAN
205,-0.010830811,STAN
206,-0.010158089,STAN
207,-0.009889001,STAN
208,-0.009081736,STAN
209,-0.00921628,STAN
210,-0.009485368,STAN
211,-0.009754457,STAN
212,-0.009350824,STAN
213,-0.009889001,STAN
214,-0.011099899,STAN
215,-0.010830811,STAN
216,-0.010696266,STAN
217,-0.011234443,STAN
218,-0.010830811,STAN
219,-0.010023545,STAN
220,-0.009619913,STAN
221,-0.008543559,STAN
222,-0.008812647,STAN
223,-0.008812647,STAN
224,-0.008543559,STAN
225,-0.008409014,STAN
226,-0.008139926,STAN
227,-0.007601749,STAN
228,-0.006794484,STAN
229,-0.006525395,STAN
230,-0.006390851,STAN
231,-0.006794484,STAN
232,-0.007870838,STAN
233,-0.008005382,STAN
234,-0.008005382,STAN
235,-0.009485368,STAN
236,-0.008678103,STAN
237,-0.008678103,STAN
238,-0.008678103,STAN
239,-0.008678103,STAN
240,-0.008812647,STAN
241,-0.009889001,STAN
242,-0.010292634,STAN
243,-0.010830811,STAN
244,-0.010830811,STAN
245,-0.010696266,STAN
246,-0.010965355,STAN
247,-0.010561722,STAN
248,-0.010427178,STAN
249,-0.010696266,STAN
250,-0.011099899,STAN
251,-0.011234443,STAN
252,-0.011099899,STAN
253,-0.010830811,STAN
254,-0.010696266,STAN
255,-0.010561722,STAN
256,-0.010292634,STAN
257,-0.009901245,STAN
258,-0.00921628,STAN
259,-0.009081736,STAN
260,-0.008947191,STAN
261,-0.008947191,STAN
262,-0.009081736,STAN
263,-0.008421258,STAN
264,-0.007332661,STAN
265,-0.007870838,STAN
266,-0.007467205,STAN
267,-0.008139926,STAN
268,-0.006929028,STAN
269,-0.007198116,STAN
270,-0.007063572,STAN
271,-0.007332661,STAN
272,-0.007063572,STAN
273,-0.007198116,STAN
274,-0.007601749,STAN
275,-0.007157349,STAN
276,-0.007870838,STAN
277,-0.007601749,STAN
278,-0.007911201,STAN
279,-0.008005382,STAN
280,-0.007736293,STAN
281,-0.007870838,STAN
282,-0.007870838,STAN
283,-0.008005382,STAN
284,-0.007736293,STAN
285,-0.008139926,STAN
286,-0.008005382,STAN
287,-0.00827447,STAN
288,-0.007870838,STAN
289,-0.007601749,STAN
290,-0.007467205,STAN
291,-0.007251934,STAN
292,-0.007198116,STAN
293,-0.007063572,STAN
294,-0.007198116,STAN
295,-0.007467205,STAN
296,-0.007736293,STAN
297,-0.007601749,STAN
298,-0.007870838,STAN
299,-0.008543559,STAN
300,-0.00827447,STAN
301,-0.00827447,STAN
302,-0.008543559,STAN
303,-0.007870838,STAN
304,-0.008005382,STAN
305,-0.008139926,STAN
306,-0.008812647,STAN
307,-0.008005382,STAN
308,-0.008812647,STAN
309,-0.00827447,STAN
310,-0.00827447,STAN
311,-0.008341742,STAN
312,-0.007265388,STAN
313,-0.007601749,STAN
314,-0.007736293,STAN
315,-0.006929028,STAN
316,-0.007063572,STAN
317,-0.006390851,STAN
318,-0.004910864,STAN
319,-0.005045409,STAN
320,-0.003161789,STAN
321,-0.003296334,STAN
322,-0.002758157,STAN
323,-0.003027245,STAN
324,-0.002758157,STAN
325,-0.002354524,STAN
326,-0.00221998,STAN
327,-0.001950891,STAN
328,-0.002489068,STAN
329,-0.00221998,STAN
330,-0.00221998,STAN
331,-0.002623613,STAN
332,-0.001950891,STAN
333,-0.001816347,STAN
334,-0.001816347,STAN
335,-0.001143626,STAN
336,-0.00127817,STAN
337,-0.000336361,STAN
338,-6.72721E-05,STAN
339,-0.00127817,STAN
340,-0.001816347,STAN
341,-0.001412714,STAN
342,-0.001681803,STAN
343,-0.000874538,STAN
344,-0.001412714,STAN
345,-0.001950891,STAN
346,-0.000470905,STAN
347,0.000336361,STAN
348,0.000201816,STAN
349,0.000336361,STAN
350,-0.000605449,STAN
351,-0.001009082,STAN
352,-0.001681803,STAN
353,-0.001681803,STAN
354,-0.002085436,STAN
355,-0.00221998,STAN
356,-0.001950891,STAN
357,-0.001681803,STAN
358,-0.001816347,STAN
359,-0.001816347,STAN
360,-0.001412714,STAN
361,-0.00127817,STAN
362,-0.001412714,STAN
363,-0.001143626,STAN
364,-0.001816347,STAN
365,-0.001412714,STAN
366,-0.001143626,STAN
367,-0.000739993,STAN
368,-0.000739993,STAN
369,-0.000739993,STAN
370,-0.001816347,STAN
371,-0.002085436,STAN
372,-0.002623613,STAN
373,-0.003565422,STAN
374,-0.004103599,STAN
375,-0.004103599,STAN
376,-0.004547999,STAN
377,-0.003161789,STAN
378,-0.003027245,STAN
379,-0.002623613,STAN
380,-0.003027245,STAN
381,-0.002892701,STAN
382,-0.003161789,STAN
383,-0.003430878,STAN
384,-0.003969055,STAN
385,-0.003834511,STAN
386,-0.003565422,STAN
387,-0.003296334,STAN
388,-0.000739993,STAN
389,0.000201816,STAN
390,0.000739993,STAN
391,0.001143626,STAN
392,0.002354524,STAN
393,0.001547259,STAN
394,0.000874538,STAN
395,0.00127817,STAN
396,6.72721E-05,STAN
397,-0.001009082,STAN
398,-0.001950891,STAN
399,0.000201816,STAN
400,0.00127817,STAN
401,0.00127817,STAN
402,0.000605449,STAN
403,0.000605449,STAN
404,0.000470905,STAN
405,0.000201816,STAN
406,-6.72721E-05,STAN
407,0.000605449,STAN
408,0.000336361,STAN
409,0.001009082,STAN
410,0.00108039,STAN
411,0.001547259,STAN
412,0.00127817,STAN
413,0.001009082,STAN
414,0.001950891,STAN
415,0.002354524,STAN
416,0.00221998,STAN
417,0.003296334,STAN
418,0.003296334,STAN
419,0.003430878,STAN
420,0.003565422,STAN
421,0.003699966,STAN
422,0.004372688,STAN
423,0.003969055,STAN
424,0.003969055,STAN
425,0.004641776,STAN
426,0.004910864,STAN
427,0.005179953,STAN
428,0.005583586,STAN
429,0.005449041,STAN
430,0.005314497,STAN
431,0.004910864,STAN
432,0.00571813,STAN
433,0.005179953,STAN
434,0.005314497,STAN
435,0.00477632,STAN
436,0.004103599,STAN
437,0.004103599,STAN
438,0.003834511,STAN
439,0.003430878,STAN
440,0.002623613,STAN
441,0.002758157,STAN
442,0.002892701,STAN
443,0.003027245,STAN
444,0.002892701,STAN
445,0.003834511,STAN
446,0.003430878,STAN
447,0.003430878,STAN
448,0.002623613,STAN
449,0.003296334,STAN
450,0.002758157,STAN
451,0.002623613,STAN
452,0.003161789,STAN
453,0.002758157,STAN
454,0.003296334,STAN
455,0.003027245,STAN
456,0.003430878,STAN
457,0.003969055,STAN
458,0.003565422,STAN
459,0.004238143,STAN
460,0.004238143,STAN
461,0.004641776,STAN
462,0.004103599,STAN
463,0.003834511,STAN
464,0.004507232,STAN
465,0.004103599,STAN
466,0.004238143,STAN
467,0.004372688,STAN
468,0.005045409,STAN
469,0.00477632,STAN
470,0.004641776,STAN
471,0.004910864,STAN
472,0.003969055,STAN
473,0.003565422,STAN
474,0.002354524,STAN
475,0.001547259,STAN
476,0.001547259,STAN
477,0.001143626,STAN
478,0.001950891,STAN
479,0.001143626,STAN
480,0.001143626,STAN
481,6.72721E-05,STAN
482,0.000739993,STAN
483,0.000874538,STAN
484,0.000605449,STAN
485,0.000605449,STAN
486,0.000201816,STAN
487,-0.000201816,STAN
488,-0.000739993,STAN
489,-0.001009082,STAN
490,-0.00127817,STAN
491,-0.001143626,STAN
492,-0.00127817,STAN
493,-0.00127817,STAN
494,-0.001547259,STAN
495,-0.001816347,STAN
496,-0.002623613,STAN
497,-0.003296334,STAN
498,-0.002623613,STAN
499,-0.003027245,STAN
500,-0.003027245,STAN
501,-0.003027245,STAN
502,-0.003161789,STAN
503,-0.003296334,STAN
504,-0.003565422,STAN
505,-0.003430878,STAN
506,-0.003161789,STAN
507,-0.004103599,STAN
508,-1,STAN
