Date,Price,Dividend,Earnings
1871.01,89.83599853,5.26066658,8.093333201
1871.02,88.35223357,5.104795717,7.853531873
1871.03,89.19034148,5.030257871,7.738858263
1871.04,95.17928789,5.220804821,8.032007417
1871.05,99.85821951,5.342209274,8.218783499
1871.06,100.5962927,5.426356036,8.348240055
1871.07,98.71793865,5.426356036,8.348240055
1871.08,101.5693435,5.513158518,8.481782335
1871.09,100.2243724,5.383953889,8.283005983
1871.1,93.58554047,5.301141726,8.155602655
1871.11,94.6049908,5.301141726,8.155602655
1871.12,94.46350758,5.18154261,7.971604015
1872.01,96.85498878,5.247308343,8.02142654
1872.02,97.25356898,5.315066977,8.071249065
1872.03,98.9545016,5.301134014,8.000785595
1872.04,99.49184773,5.249251348,7.874837369
1872.05,99.49184773,5.314554878,7.92285467
1872.06,99.25085723,5.417200784,8.029065448
1872.07,100.1325314,5.562263949,8.197123892
1872.08,98.22674467,5.587620575,8.185562056
1872.09,95.76837101,5.610672241,8.174169041
1872.1,98.30849613,5.801585899,8.406662144
1872.11,95.07425604,5.698693286,8.210958476
1872.12,98.81142768,5.84683004,8.380456391
1873.01,99.59100502,5.895553624,8.429179974
1873.02,98.20447438,5.815993143,8.29494104
1873.03,97.44172118,5.863665218,8.342613115
1873.04,96.10690308,5.911337293,8.39028519
1873.05,98.42163901,6.090447958,8.624074309
1873.06,99.99849234,6.325205841,8.935608252
1873.07,99.79769216,6.375405887,8.985808298
1873.08,99.79769216,6.425605934,9.036008344
1873.09,92.16728511,6.47580598,9.086208391
1873.1,86.09175715,6.677761593,9.34886623
1873.11,85.66600159,6.944459287,9.701038546
1873.12,91.52721611,6.833479936,9.52545688
1874.01,95.01277093,6.728372191,9.378943054
1874.02,97.86723186,6.728372191,9.378943054
1874.03,96.4400014,6.728372191,9.378943054
1874.04,95.2545688,6.833479936,9.52545688
1874.05,93.50028861,6.887298045,9.600476063
1874.06,95.33470643,7.053913256,9.832727569
1874.07,94.57187304,6.997470427,9.754049686
1874.08,95.54846138,7.053913256,9.832727569
1874.09,97.04474601,7.053913256,9.832727569
1874.1,98.41871664,7.169575385,9.993953567
1874.11,100.107785,7.228789726,10.07649477
1874.12,99.45062229,7.228789726,10.07649477
1875.01,99.45062229,7.174026167,9.894679755
1875.02,99.23156805,7.119262609,9.710674198
1875.03,100.5458935,7.06449905,9.528859184
1875.04,101.025835,6.952315525,9.270478232
1875.05,99.56325199,7.071886467,9.31707121
1875.06,99.22592149,7.136110792,9.28827119
1875.07,99.45246469,7.079474992,9.100240334
1875.08,99.05943744,6.963361815,8.834484523
1875.09,98.99937829,6.966203392,8.72191319
1875.1,97.41357589,6.909567592,8.533882334
1875.11,99.85299648,6.912020923,8.415528285
1875.12,100.7214634,6.914516936,8.297420324
1876.01,103.6977247,6.975183275,8.214440837
1876.02,105.0927613,6.975183275,8.060986805
1876.03,104.8602552,6.975183275,7.905207712
1876.04,101.800061,7.036870573,7.817963207
1876.05,101.6450856,7.295101838,7.944365901
1876.06,103.7722729,7.501610087,8.001717427
1876.07,102.5220045,7.501610087,7.834181468
1876.08,97.35248075,7.43148708,7.597456958
1876.09,90.56075392,7.36266292,7.36266292
1876.1,88.43262981,7.228825325,7.06738156
1876.11,85.96424745,7.163687288,6.846097151
1876.12,83.97332217,7.036870573,6.567745868
1877.01,81.82178375,6.70247175,6.492731403
1877.02,79.04346771,6.666630195,6.70449533
1877.03,78.52604681,6.750267431,7.059912726
1877.04,70.84248819,6.344499027,6.908347403
1877.05,69.57718415,6.015823201,6.822823874
1877.06,68.2646518,6.126314905,7.251556418
1877.07,70.59912726,5.841148845,7.225882604
1877.08,78.48754847,5.833812209,7.547671464
1877.09,84.19452823,5.651947497,7.665859823
1877.1,86.01354581,5.412876614,7.710035964
1877.11,86.40815751,5.279909502,7.906611468
1877.12,86.14310181,5.03605826,7.951670936
1878.01,88.80788258,5.169985041,8.219511102
1878.02,87.79966878,5.19895523,8.32992455
1878.03,91.35998755,5.287036316,8.529751924
1878.04,94.90763092,5.321097505,8.644289627
1878.05,98.36548669,5.471948331,8.958916482
1878.06,102.7089637,5.57218718,9.186578865
1878.07,103.6403904,5.48579308,9.1072504
1878.08,101.6050686,5.39832147,9.032543343
1878.09,103.6666207,5.374760874,9.056103939
1878.1,103.6403904,5.411338776,9.181704704
1878.11,104.5161595,5.445683471,9.313082574
1878.12,106.3308623,5.547697165,9.55436734
1879.01,109.0690244,5.535709983,9.621228467
1879.02,111.7449429,5.520983298,9.689581708
1879.03,111.201659,5.636248469,9.9776831
1879.04,116.1934351,5.754194782,10.27248592
1879.05,121.4329268,5.803507646,10.4543271
1879.06,123.4850195,5.92478629,10.75816458
1879.07,124.5149808,5.908297481,10.81184536
1879.08,125.439597,5.957610345,10.99368655
1879.09,125.6788643,5.80743567,10.795874
1879.1,131.9644265,5.546453565,10.3851492
1879.11,131.9926553,5.309156904,10.01859059
1879.12,127.8509503,5.1971931,9.874666891
1880.01,128.9935638,5.174888568,9.824715271
1880.02,131.2654661,5.301105362,10.05442984
1880.03,132.5284449,5.376153896,10.18968704
1880.04,134.6073013,5.71691241,10.82835182
1880.05,127.708918,6.024005564,11.40009586
1880.06,130.8891562,6.284865537,11.88659352
1880.07,136.9007667,6.421493048,12.13798814
1880.08,141.8193571,6.55812056,12.38665021
1880.09,140.101453,6.626420075,12.5090583
1880.1,144.1584449,6.761653138,12.75788714
1880.11,150.1985387,6.827206306,12.87263056
1880.12,154.7925276,6.891448145,12.9877292
1881.01,165.7270864,7.094939887,13.00649735
1881.02,163.5393656,7.156503843,12.76773297
1881.03,165.3947555,7.289031691,12.65640957
1881.04,163.2333664,7.348125821,12.42095697
1881.05,172.2862036,7.554087389,12.43641334
1881.06,174.4066492,7.686615238,12.32508995
1881.07,166.6449963,7.741775418,12.09291564
1881.08,159.5484592,7.720086735,11.75254537
1881.09,154.8226475,7.555345198,11.20915968
1881.1,150.9345899,7.608085017,11.00227262
1881.11,153.3363501,7.803061434,11.0035552
1881.12,148.8774578,7.926919552,10.89951438
1882.01,146.6480117,7.926919552,10.87969709
1882.02,142.0993944,7.853507115,10.75685053
1882.03,141.8539723,7.853507115,10.73721676
1882.04,140.5522954,7.78144196,10.61923658
1882.05,137.588642,7.710747014,10.50107359
1882.06,135.6324793,7.64126644,10.38734657
1882.07,144.5765065,7.710747014,10.46251985
1882.08,147.5719581,7.64126644,10.34675234
1882.09,153.1433887,7.853507115,10.61450571
1882.1,150.3637553,7.926919552,10.69390991
1882.11,145.281182,8.001717427,10.77231209
1882.12,147.4212158,8.077874837,10.85464431
1883.01,146.663915,8.098069524,10.79153592
1883.02,142.0304843,8.04422655,10.62728096
1883.03,145.1493135,8.140983234,10.66531912
1883.04,149.6036015,8.239666844,10.70417592
1883.05,148.4830015,8.342840398,10.74378737
1883.06,154.2624162,8.614310181,10.99981146
1883.07,154.9770899,8.811786369,11.15672768
1883.08,147.9449707,8.83612832,11.08911115
1883.09,151.1100279,8.949102014,11.1351422
1883.1,147.0112026,8.970962416,11.06682845
1883.11,150.7503747,9.089198415,11.11300839
1883.12,145.9181825,9.01741577,10.93020093
1884.01,141.5461021,8.970962416,10.72525967
1884.02,145.3716724,8.927241612,10.5203184
1884.03,144.8251624,8.880788258,10.31537713
1884.04,141.1772879,9.020280073,10.32324042
1884.05,132.5286738,9.168704164,10.3315364
1884.06,127.1135237,9.120252821,10.11778047
1884.07,128.4942976,9.170344151,10.01160726
1884.08,136.5612041,9.124247542,9.79552941
1884.09,133.693129,9.175018659,9.684741917
1884.1,130.7613057,9.226918257,9.571491968
1884.11,131.0216986,9.388382401,9.563077999
1884.12,132.2233425,9.444524461,9.444524461
1885.01,129.1767217,9.267820455,9.343985975
1885.02,131.6240972,8.984775329,9.135374983
1885.03,134.9939644,9.015007894,9.246161942
1885.04,133.1373287,8.734661816,9.039323896
1885.05,134.7109304,8.756210475,9.145999046
1885.06,137.3182657,8.781982106,9.260999312
1885.07,140.7322961,8.494424691,9.046625405
1885.08,148.6208778,8.308254165,8.939340695
1885.09,148.4953338,8.223128699,8.941654508
1885.1,157.1176435,8.037908713,8.836270722
1885.11,165.3446708,7.756053451,8.62379743
1885.12,160.266807,7.396929554,8.321545748
1886.01,164.0824978,7.519396003,8.677439785
1886.02,167.2379304,7.46890908,8.835211417
1886.03,165.7399532,7.50460289,9.10132691
1886.04,165.4985698,7.541175066,9.373942431
1886.05,166.3228044,7.676691986,9.773949659
1886.06,176.1450649,7.716831413,10.06543228
1886.07,176.5937345,7.564043075,10.10526999
1886.08,175.7225909,7.418307517,10.14413467
1886.09,180.3038131,7.362678391,10.30774975
1886.1,184.8850352,7.307049266,10.47136482
1886.11,189.4662573,7.254692442,10.6349799
1886.12,182.3070183,7.111266672,10.66690001
1887.01,176.0731418,7.020837644,10.49181356
1887.02,172.754295,7.016194291,10.44633372
1887.03,176.8080961,7.094152005,10.52429144
1887.04,180.8618973,7.172109719,10.60224915
1887.05,183.9802058,7.250067434,10.68020686
1887.06,180.8062908,7.415266725,10.88624264
1887.07,178.5137454,7.584439091,11.09723193
1887.08,171.9710794,7.573038358,11.04401427
1887.09,171.8075045,7.744111493,11.25690434
1887.1,164.0824978,7.73080999,11.2017859
1887.11,165.2703544,7.71781372,11.14795315
1887.12,160.5569158,7.616551985,10.96783486
1888.01,159.936832,7.478778794,10.59317963
1888.02,160.8615779,7.516013499,10.45904919
1888.03,154.7683363,7.464220945,10.20617966
1888.04,157.184753,7.498637335,10.06907035
1888.05,161.2165533,7.536951822,9.92557619
1888.06,158.0871757,7.573038358,9.781841212
1888.07,160.2810607,7.430929331,9.407936967
1888.08,163.7112001,7.381036394,9.145999046
1888.09,167.7650013,7.328025148,8.887179435
1888.1,164.889888,7.190431937,8.528043365
1888.11,159.6429296,7.05902038,8.17408359
1888.12,156.5963088,7.007227826,7.921214064
1889.01,165.3446708,7.232251632,8.308254165
1889.02,169.252746,7.290641872,8.516925919
1889.03,167.7612456,7.353696218,8.727463643
1889.04,167.4380062,7.327837066,8.834132643
1889.05,176.2624142,7.481212993,9.16763346
1889.06,179.2442971,7.454707367,9.276969168
1889.07,175.5997735,7.428201741,9.386304876
1889.08,177.9190158,7.398382911,9.498953787
1889.09,179.9765829,7.280870854,9.489674371
1889.1,176.7042814,7.254692442,9.597660321
1889.11,175.0681306,7.225241728,9.708918572
1889.12,171.9633577,7.111266672,9.697181825
1890.01,178.2503361,7.289047203,9.913104196
1890.02,176.2624142,7.289047203,9.883285367
1890.03,174.9371329,7.289047203,9.856779741
1890.04,178.5816565,7.289047203,9.830274114
1890.05,183.9033447,7.199063316,9.679467859
1890.06,182.5944241,7.199063316,9.653289446
1890.07,181.2855035,7.199063316,9.627111034
1890.08,170.7089063,6.941951828,9.25488396
1890.09,165.8940161,6.860278862,9.121052578
1890.1,158.4100755,6.860278862,9.096106109
1890.11,150.4114026,7.025585685,9.286546896
1890.12,146.8986098,7.025585685,9.260999312
1891.01,156.4478668,7.111266672,9.509702977
1891.02,156.4789539,7.025585685,9.526055499
1891.03,151.7763104,6.941951828,9.545183763
1891.04,154.9799361,6.860278862,9.563852395
1891.05,156.1939161,6.941951828,9.807084673
1891.06,156.7711062,7.111266672,10.18204092
1891.07,156.0887819,7.199063316,10.44518641
1891.08,161.3244643,7.199063316,10.57935077
1891.09,176.5937345,7.289047203,10.85074072
1891.1,176.5937345,7.289047203,10.98989526
1891.11,176.1450649,7.381317004,11.26657386
1891.12,181.5132954,7.381317004,11.40748991
1892.01,189.670188,7.631557291,11.78984381
1892.02,190.014417,7.686633933,11.87590106
1892.03,197.2018868,7.951688986,12.28094188
1892.04,199.5086909,8.12003954,12.53645275
1892.05,199.5086909,8.177349038,12.62599884
1892.06,198.4341379,8.23824038,12.71554493
1892.07,193.2119997,8.080725691,12.46810287
1892.08,193.4567071,8.03086295,12.39224459
1892.09,188.6375009,8.089381882,12.47830184
1892.1,192.4240201,8.147900815,12.56435909
1892.11,186.881526,7.995308373,12.33015454
1892.12,182.5575004,7.951687858,12.25885211
1893.01,179.152435,7.689822877,11.52196052
1893.02,173.864339,7.626680713,11.09765663
1893.03,171.6401183,7.838555309,11.07094925
1893.04,173.75921,7.961509567,10.90658092
1893.05,160.3590385,8.090842395,10.74140501
1893.06,156.6550215,8.325483788,10.70419344
1893.07,145.7808951,8.572474643,10.66502338
1893.08,148.1410298,8.957449029,10.77290283
1893.09,152.4072994,8.631763524,10.02679601
1893.1,154.9030573,8.547206474,9.579893523
1893.11,161.5076385,8.806937312,9.513754111
1893.12,157.9593047,8.954609109,9.312793473
1894.01,159.0338324,9.081862603,9.265929539
1894.02,163.513547,9.08284155,9.08284155
1894.03,173.2468496,9.219344544,9.027274866
1894.04,175.5516857,9.092578557,8.708439201
1894.05,169.0213166,8.961971176,8.385762142
1894.06,166.7164805,8.835205188,8.066926476
1894.07,163.2592263,8.708439201,7.748090811
1894.08,164.6335028,8.336204349,7.216248547
1894.09,164.9239743,8.098945167,6.810476618
1894.1,164.3349324,8.205387061,6.690779389
1894.11,164.3349324,8.076645409,6.372711778
1894.12,165.1799231,8.066926476,6.146229696
1895.01,163.2592263,8.001622786,6.434334213
1895.02,160.9543902,7.940160489,6.72243873
1895.03,160.9543902,7.874856798,7.010543247
1895.04,160.8745017,7.484161602,6.994543553
1895.05,167.38484,7.323540613,7.171042494
1895.06,168.3466512,7.163687287,7.342779469
1895.07,171.3788383,7.200089755,7.715678633
1895.08,176.3361243,7.241193247,8.098945167
1895.09,177.4405259,7.178610489,8.375045571
1895.1,174.8635888,7.116027731,8.651145974
1895.11,168.9734469,7.057126312,8.927246377
1895.12,161.2736354,7.093053409,9.332965012
1896.01,161.6843689,7.164094287,9.341342815
1896.02,170.9420134,7.233344074,9.346110532
1896.03,168.2530379,7.202612925,9.219344544
1896.04,172.2865918,7.277354455,9.226297802
1896.05,174.066915,7.350371092,9.229502561
1896.06,173.4913603,7.429606863,9.236808533
1896.07,162.2465499,7.397478834,9.10428041
1896.08,153.0097413,7.3613348,8.967736284
1896.09,161.0417488,7.32920677,8.835208162
1896.1,159.8133544,7.082460121,8.446720463
1896.11,165.84954,6.846026676,8.076645409
1896.12,159.7911094,6.815734522,7.951690276
1897.01,164.4908184,7.016196047,8.50908665
1897.02,162.9316638,7.016196047,8.836509133
1897.03,163.3214524,7.016196047,9.160033728
1897.04,160.6162897,7.120919249,9.625109185
1897.05,163.8529514,7.228806678,10.10828134
1897.06,171.4833584,7.228806678,10.44160965
1897.07,179.1137655,7.228806678,10.77493795
1897.08,182.4661941,6.914508408,10.62913598
1897.09,185.912663,6.719734809,10.63958011
1897.1,182.5102244,6.815734522,11.10586075
1897.11,176.0731418,6.815734522,11.42392836
1897.12,179.859661,6.815734522,11.73820946
1898.01,184.7821359,6.880105348,11.86316459
1898.02,181.8061584,6.842929947,11.82300008
1898.03,173.5931492,6.906394109,11.94619522
1898.04,170.6066004,6.969858271,12.06939035
1898.05,169.8452055,6.567115441,11.39392785
1898.06,188.8992118,7.093053409,12.31951382
1898.07,192.3551743,7.258757266,12.62046842
1898.08,199.5495607,7.319341573,12.74921008
1898.09,199.1709088,7.383712399,12.87416521
1898.1,195.0057377,7.448083225,12.99912034
1898.11,201.4428203,7.508667532,13.12786199
1898.12,210.9250093,7.46637201,13.06615102
1899.01,226.9777091,7.496237498,13.46933511
1899.02,229.110269,7.323540613,13.49608352
1899.03,232.3780859,7.352587874,13.88822154
1899.04,232.1034681,7.281888127,14.08739105
1899.05,222.4324903,7.31412472,14.47781201
1899.06,214.5188984,7.244872187,14.66644857
1899.07,219.0201007,7.177442154,14.85012084
1899.08,221.6834865,7.115213766,15.03248114
1899.09,211.0510486,6.874896794,14.82658465
1899.1,207.4639156,6.81620404,14.99695781
1899.11,208.8126486,6.762168126,15.16639237
1899.12,192.2455719,6.706240881,15.32855058
1900.01,194.8003303,6.945749484,15.32855058
1900.02,195.9523675,7.09972346,15.14607672
1900.03,197.5300838,7.336380909,15.14607672
1900.04,200.05443,7.573038358,15.14607672
1900.05,195.2365941,8.000175006,15.51549092
1900.06,191.7568683,8.344368844,15.70704723
1900.07,189.418285,8.485034097,15.51549092
1900.08,194.3747095,8.83521407,15.70704723
1900.09,187.4788486,8.969893188,15.51549092
1900.1,196.6653206,9.326059296,15.70704723
1900.11,212.0451377,9.571481909,15.70704723
1900.12,227.6170649,9.939609822,15.90337572
1901.01,231.3517166,9.872533647,15.76267636
1901.02,240.2072374,10.04894553,16.01271142
1901.03,248.8215659,10.10526999,16.06903588
1901.04,273.1087291,10.29022693,16.3294863
1901.05,259.3526384,10.34390924,16.3831686
1901.06,285.1872479,10.40094669,16.44020605
1901.07,262.7370196,10.32725461,16.2910205
1901.08,263.0930412,10.25212062,16.14226334
1901.09,258.5915153,10.18204092,16.00035001
1901.1,255.6823608,10.23699161,16.05530071
1901.11,258.0306015,10.16474511,15.91295158
1901.12,250.8568956,10.09738448,15.77716325
1902.01,259.3079807,10.24458131,16.31213258
1902.02,261.5433944,10.27332234,16.66021842
1902.03,261.8627392,10.29886992,17.0051108
1902.04,267.5806886,10.20151375,17.14346558
1902.05,263.8089053,10.1095564,17.28166611
1902.06,259.2007398,10.01667544,17.41360499
1902.07,265.0566423,10.04133187,17.74646682
1902.08,275.3466471,10.18751411,18.2951164
1902.09,272.7617773,10.09372679,18.41527253
1902.1,246.9049619,9.458447957,17.52535453
1902.11,245.4013842,9.804142681,18.44084188
1902.12,237.0784934,9.718745691,18.55396905
1903.01,246.4147868,9.661440283,18.10828286
1903.02,244.9584347,9.708043552,17.86361569
1903.03,243.3690401,10.09017679,18.22255808
1903.04,233.429463,10.14138067,17.97256265
1903.05,234.2361025,10.42658862,18.13172357
1903.06,221.2914758,10.47898353,17.87591309
1903.07,211.1206977,10.53137845,17.62010261
1903.08,204.3401789,10.58069132,17.36121007
1903.09,197.1163654,10.51084174,16.90874541
1903.1,192.9365792,10.68548115,16.84958911
1903.11,195.8297784,10.86106876,16.78585505
1903.12,204.8728733,10.91408001,16.52703544
1904.01,203.514269,10.56263429,16.04655172
1904.02,193.581189,10.22406495,15.5847748
1904.03,195.177151,10.24077644,15.66236397
1904.04,202.2956207,10.25797221,15.74188964
1904.05,202.6900573,10.39332248,16.00627791
1904.06,203.0018881,10.29041829,15.90337373
1904.07,211.4213213,10.18751411,15.80046954
1904.08,216.051984,9.96428052,15.51197768
1904.09,223.0126421,9.749186541,15.23310397
1904.1,236.1131115,9.648648054,15.13256548
1904.11,243.3166637,9.330613311,14.69132316
1904.12,245.6992014,9.23233363,14.59304348
1905.01,251.0599113,9.282962556,15.0397693
1905.02,262.0791482,9.330613311,15.48649512
1905.03,272.5853729,9.487778172,16.11416293
1905.04,269.2721805,9.538982054,16.56596189
1905.05,258.9627675,9.697393987,17.21340749
1905.06,262.0093883,9.749186541,17.67040061
1905.07,270.2352644,9.800979094,18.12739372
1905.08,277.1033625,9.737773597,18.37315773
1905.09,281.2030993,9.90151758,19.04137996
1905.1,285.1637063,9.953310134,19.49837308
1905.11,280.4165549,9.88837325,19.72855461
1905.12,284.117622,9.827968058,19.95375333
1906.01,293.9455901,10.00070204,20.17711624
1906.02,291.8608696,10.1764142,20.40047915
1906.03,284.7132565,10.34914818,20.62384206
1906.04,280.8416327,10.52188217,20.84720497
1906.05,270.3578347,10.57870743,20.83640175
1906.06,273.891924,10.74952175,21.05728233
1906.07,276.0238439,11.2968699,22.01183524
1906.08,289.7761491,11.21877445,21.74065661
1906.09,295.3909675,11.26490978,21.71992408
1906.1,280.3250034,11.18707079,21.46373356
1906.11,283.0128454,11.23501144,21.44684452
1906.12,277.4636659,11.27901081,21.43012054
1907.01,272.467553,11.49436863,21.42404389
1907.02,258.3600169,11.34719426,20.73855298
1907.03,235.4493506,11.56098608,20.72518236
1907.04,236.5772517,11.65403792,20.49114289
1907.05,223.6406658,11.5050698,19.83223336
1907.06,214.2319383,11.47671098,19.40110666
1907.07,222.429589,11.56688514,19.17430499
1907.08,205.7610326,11.65979185,18.94477077
1907.09,203.5749924,11.749966,18.7179691
1907.1,179.5895073,11.71929722,18.30244271
1907.11,176.2345439,12.31386005,18.84440731
1907.12,189.2842007,12.67656747,19.01485121
1908.01,199.520247,12.71977984,19.02869743
1908.02,194.3749138,12.7610076,19.04579648
1908.03,202.3266148,12.66382014,18.84847649
1908.04,210.8797939,12.4285094,18.44615656
1908.05,222.2393408,12.32947745,18.25391807
1908.06,222.5306113,12.23335821,18.05876688
1908.07,228.1782145,12.0052856,17.66940643
1908.08,237.9737439,11.90733031,17.47925792
1908.09,235.3808097,11.81225605,17.28622837
1908.1,235.7015338,11.59127132,16.90951875
1908.11,248.9841636,11.37206265,16.5434891
1908.12,251.9428675,11.16025991,16.18237687
1909.01,255.4695948,11.37206265,16.77752858
1909.02,245.525718,11.34719426,17.01939636
1909.03,248.873796,11.43926641,17.43790611
1909.04,254.6736817,11.29363011,17.48832149
1909.05,260.4588789,11.27032345,17.71553122
1909.06,262.378909,11.24481039,17.9381499
1909.07,266.1271792,11.33316247,18.33975027
1909.08,269.8267004,11.30992663,18.55389885
1909.09,267.4192933,11.2846218,18.76396415
1909.1,263.2549577,11.15037861,18.78554439
1909.11,259.4488354,11.12979434,18.98716919
1909.12,260.0065963,11.1070779,19.18495274
1910.01,256.9002221,11.27761391,19.30574585
1910.02,247.7252141,11.34132925,19.24203052
1910.03,249.0534549,11.18990171,18.81653864
1910.04,240.7801814,11.14723062,18.5787177
1910.05,241.3265108,11.42261989,18.86941075
1910.06,231.9238116,11.59619058,18.98716919
1910.07,220.2001903,11.65990591,18.92345386
1910.08,227.7425587,11.83746633,19.04288061
1910.09,231.5349526,12.01850904,19.16464956
1910.1,249.5276972,12.4496115,19.67841818
1910.11,254.4004267,12.77467234,20.01593046
1910.12,247.2957961,12.8429861,19.9476167
1911.01,253.3074066,12.8429861,19.62790833
1911.02,265.9026798,13.2528377,19.92719235
1911.03,260.0340559,13.1133054,19.3909516
1911.04,267.3603321,13.54087889,19.68613308
1911.05,273.1224083,13.54087889,19.35193266
1911.06,278.5963806,13.54087889,19.01485121
1911.07,274.4626083,13.39537133,18.4770622
1911.08,253.1833216,12.97668061,17.57926073
1911.09,236.9121052,12.8429861,17.07843896
1911.1,238.2783803,12.8429861,16.75873058
1911.11,250.4223257,12.97668061,16.61291217
1911.12,254.1749195,13.1133054,16.46138337
1912.01,251.8028237,12.99876857,16.54388727
1912.02,247.0225411,12.88943945,16.62210307
1912.03,248.99223,12.65041169,16.5325486
1912.04,249.2054092,12.29915747,16.28540458
1912.05,248.9455495,12.32254484,16.52187687
1912.06,251.4108763,12.46557059,16.92693269
1912.07,251.6733094,12.48656523,17.16837111
1912.08,254.9223216,12.38750975,17.23649092
1912.09,253.7335173,12.28780472,17.3058611
1912.1,253.2188449,12.30839162,17.54261042
1912.11,250.3881464,12.33155188,17.77678639
1912.12,243.7483564,12.47326344,18.19017585
1913.01,239.3226888,12.35213878,17.8642807
1913.02,230.8305934,12.35213878,17.71245233
1913.03,226.4558776,12.35213878,17.56319732
1913.04,226.1985413,12.35213878,17.41394231
1913.05,222.2907448,12.47948041,17.44007388
1913.06,208.9570143,12.35213878,17.11285893
1913.07,209.6484429,12.2273697,16.79225438
1913.08,215.252654,12.2273697,16.64195963
1913.09,215.1176435,12.105096,16.32927013
1913.1,208.308527,12.105096,16.18300022
1913.11,201.0025223,11.98524356,15.87545387
1913.12,202.760358,12.105096,15.8879385
1914.01,211.0826115,11.97900125,15.65592416
1914.02,216.0168646,11.97263283,15.58225426
1914.03,211.9410747,11.84526439,15.34789634
1914.04,208.9570143,11.83746633,15.2677582
1914.05,208.1200217,11.59052753,14.88172787
1914.06,207.1010742,11.46315909,14.64736995
1914.07,193.681536,11.22243275,14.26888191
1914.08,189.8838588,10.87876275,13.76410732
1914.09,189.8838588,10.75514044,13.53664228
1914.1,191.763897,10.73678069,13.44095127
1914.11,189.8838588,10.50789583,13.08418465
1914.12,183.5240421,10.48708812,12.98401386
1915.01,186.7700455,10.50706352,13.73309158
1915.02,186.115851,10.63483122,14.626991
1915.03,192.8358096,10.7626327,15.53894899
1915.04,205.282253,10.67518154,16.140128
1915.05,198.5055965,10.591959,16.72940248
1915.06,200.7528297,10.61193441,17.4784802
1915.07,200.003752,10.63190981,18.22755792
1915.08,208.4932995,10.65438214,18.97663564
1915.09,216.2337693,10.67435755,19.72571337
1915.1,225.9815716,10.58948655,20.27405784
1915.11,231.6225893,10.50871198,20.81175485
1915.12,232.1122777,10.52829951,21.54628738
1916.01,226.2430803,10.68895496,22.65340682
1916.02,223.0907115,10.95326896,23.9652772
1916.03,220.2454967,11.10834702,25.02680562
1916.04,215.7885627,11.26049909,26.0992341
1916.05,218.4856696,11.4121641,27.12804808
1916.06,218.5642333,11.55868542,28.13780995
1916.07,215.528619,11.81087492,29.39875745
1916.08,215.1708578,11.95470777,30.37842326
1916.09,219.9274198,11.98468119,31.08065189
1916.1,222.7301956,12.01359362,31.73570522
1916.11,223.900417,12.04369334,32.36797409
1916.12,213.0566466,12.17466552,33.26292543
1917.01,206.2780782,12.30339885,32.5259791
1917.02,189.7725988,12.22488601,31.271498
1917.03,195.6570204,12.45185656,30.85118217
1917.04,183.5379139,12.07507344,28.96176242
1917.05,174.5624195,12.10115554,28.09548648
1917.06,175.3686985,12.12449519,27.25586519
1917.07,173.1832582,12.52672532,27.26798969
1917.08,165.4751104,12.54545767,26.44109912
1917.09,153.9683263,12.46726288,25.46545102
1917.1,143.4678044,12.48431429,24.6958903
1917.11,131.5121541,12.68793396,24.30359552
1917.12,125.1743504,12.70151496,23.56223066
1918.01,129.8775925,12.24920429,22.62500086
1918.02,132.8913465,11.9834727,22.03528113
1918.03,131.13854,11.88893357,21.76035114
1918.04,128.0483306,11.54388556,21.00987173
1918.05,129.3993021,11.13112276,20.15776762
1918.06,127.8103248,10.80812143,19.47177432
1918.07,125.4266983,10.35480066,18.55513474
1918.08,124.129637,9.989324351,17.80064847
1918.09,121.1152121,9.637815287,17.07499608
1918.1,123.8880919,9.299487813,16.36079381
1918.11,124.7022926,8.97361411,15.68835294
1918.12,120.7452758,8.712000909,15.13137
1919.01,119.9810652,8.661563009,15.05494894
1919.02,122.6699543,8.769033664,15.25590802
1919.03,124.8645573,8.61134878,14.99297332
1919.04,126.6987967,8.406820039,14.64813263
1919.05,133.8544269,8.256594695,14.40016967
1919.06,137.4358163,8.207350592,14.3255574
1919.07,137.834606,7.923678141,13.8414352
1919.08,126.3797099,7.740935331,13.53559463
1919.09,127.6532244,7.650692697,13.38871222
1919.1,131.946661,7.477906334,13.09713425
1919.11,125.2768381,7.269873532,12.74579365
1919.12,119.0227693,7.071980688,12.4093246
1920.01,115.379963,6.903197557,12.01101494
1920.02,104.7556385,6.811703059,11.74685758
1920.03,110.988983,6.720786168,11.48934397
1920.04,106.8389015,6.501022924,11.01558767
1920.05,98.67220243,6.386760299,10.72172641
1920.06,95.56654737,6.274571292,10.43750801
1920.07,95.90475697,6.284125858,10.35674379
1920.08,94.4157734,6.419030278,10.47642391
1920.09,99.23656825,6.493879625,10.49738794
1920.1,99.86197286,6.504968359,10.41327197
1920.11,95.27158889,6.517442785,10.32703266
1920.12,88.52631418,6.629723969,10.39956701
1921.01,94.37196553,6.713549953,10.05439717
1921.02,96.76401467,6.87627566,9.799755027
1921.03,94.81222732,6.85597138,9.267619604
1921.04,96.27786989,6.873208859,8.777866575
1921.05,101.4457198,6.970118836,8.370696681
1921.06,93.85461506,6.949540199,7.809277131
1921.07,93.03940311,6.850435684,7.159617161
1921.08,91.89956356,6.792018907,6.554077401
1921.09,95.25557686,6.8091165,6.016520929
1921.1,96.55255143,6.74859102,5.404060714
1921.11,102.3251649,6.727952063,4.819138434
1921.12,106.5609968,6.705616763,4.227454046
1922.01,108.933926,6.927003899,4.824429902
1922.02,111.3215189,6.988185967,5.32283992
1922.03,116.8830377,7.135301722,5.889455389
1922.04,123.9805865,7.198726626,6.392324272
1922.05,128.8129602,7.260641413,6.896703272
1922.06,127.6048668,7.324066317,7.399572156
1922.07,127.7459908,7.34351806,7.855402699
1922.08,134.1465834,7.494281949,8.457463533
1922.09,137.6407753,7.558088931,8.963361747
1922.1,139.8368126,7.576255817,9.412557805
1922.11,132.0992619,7.592705304,9.85790742
1922.12,131.0191604,7.610452367,10.29649438
1923.01,133.6003899,7.681271854,10.72105601
1923.02,139.3046762,7.705289902,11.08282785
1923.03,141.5563682,7.730809077,11.44610082
1923.04,135.7943462,7.71043282,11.73949584
1923.05,129.3776902,7.734308749,12.09912702
1923.06,123.7212018,7.714031765,12.38695485
1923.07,118.1771727,7.649259427,12.59774526
1923.08,119.4581842,7.717588617,13.02684125
1923.09,119.4967689,7.697644622,13.30592856
1923.1,117.0567448,7.677931194,13.58178943
1923.11,120.5553275,7.701255078,13.93310544
1923.12,124.6370072,7.726036705,14.28587919
1924.01,128.718687,7.750818332,14.22465399
1924.02,130.0535387,7.819340718,14.24724053
1924.03,128.3069386,7.890139327,14.26861645
1924.04,126.09475,7.961770862,14.29024384
1924.05,125.6497097,7.985506344,14.22942167
1924.06,128.0232579,8.010725294,14.16711603
1924.07,133.1737535,7.988950418,14.02232612
1924.08,138.5558782,8.059679726,14.04398821
1924.09,136.4182968,8.037618567,13.89991835
1924.1,133.8657055,8.015813933,13.75752371
1924.11,141.3434174,8.039273422,13.69740877
1924.12,148.1066659,8.01758526,13.5570078
1925.01,154.2291855,8.078810457,13.94622512
1925.02,156.4454631,8.185895224,14.41732182
1925.03,151.4594743,8.199803107,14.72320202
1925.04,150.7272128,8.309057538,15.2046809
1925.05,154.6665084,8.320795757,15.49580569
1925.06,155.6369486,8.286226429,15.70780314
1925.07,158.1527373,8.252438328,15.91500969
1925.08,160.2899364,8.310855105,16.28545754
1925.09,163.994415,8.370696681,16.67015339
1925.1,169.4086528,8.430538257,17.05484924
1925.11,171.7690706,8.34747245,17.13487547
1925.12,175.5464341,8.45327933,17.6109986
1926.01,178.2233059,8.558945321,17.5969098
1926.02,178.5050818,8.664611313,17.58282101
1926.03,167.3234829,8.819548525,17.6816009
1926.04,161.7394112,8.875943296,17.56873221
1926.05,163.7814955,9.032067767,17.653265
1926.06,172.5432116,9.189956356,17.73875297
1926.07,181.8646566,9.403065643,17.92707074
1926.08,190.1566805,9.565808621,18.01560624
1926.09,191.9522366,9.619228071,17.89824909
1926.1,186.5629142,9.672040483,17.79655449
1926.11,187.9310455,9.724256144,17.68176099
1926.12,192.2054438,9.831116102,17.66751299
1927.01,193.1051029,10.04002427,17.71090831
1927.02,197.9832511,10.19338364,17.653265
1927.03,202.1889228,10.3499737,17.60953272
1927.04,207.1452483,10.44764247,17.44918101
1927.05,213.0566466,10.48325663,17.18946822
1927.06,213.3580486,10.46013267,16.83651491
1927.07,221.8684503,10.73919102,16.9681259
1927.08,235.0347491,10.89839857,16.90549381
1927.09,246.941626,10.93307081,16.66199991
1927.1,241.7540724,10.96734452,16.40681115
1927.11,248.6909173,11.1269506,16.3412965
1927.12,254.5218884,11.22461936,16.1809448
1928.01,255.5423084,11.32228813,16.51622564
1928.02,255.4340433,11.55204885,17.03385219
1928.03,269.1496126,11.65085994,17.35830652
1928.04,286.1097251,11.74967103,17.69750877
1928.05,293.2436047,11.77812938,17.91718424
1928.06,280.505514,11.94581842,18.36116535
1928.07,282.5702234,12.04462951,18.7003676
1928.08,291.7139363,12.14196581,19.02482193
1928.09,308.6041454,12.09926503,19.1255852
1928.1,316.703093,12.2678462,19.57401061
1928.11,338.1098762,12.36461659,19.89657858
1928.12,341.4144401,12.53573538,20.35213509
1929.01,366.6333901,12.68321462,20.63234564
1929.02,368.5506202,12.83069386,20.9125562
1929.03,377.2458226,13.05451529,21.33226476
1929.04,377.2396781,13.2809855,21.74201784
1929.05,380.6577982,13.35120882,21.89598247
1929.06,385.658212,13.42061082,22.04814635
1929.07,415.1651422,13.41123353,22.07022561
1929.08,438.7805751,13.5570078,22.34719673
1929.09,456.2734884,13.70278208,22.62416786
1929.1,408.0222026,13.84855636,22.91571642
1929.11,300.003463,13.99433064,23.19268754
1929.12,313.770657,14.22231483,23.60611017
1930.01,320.1774295,14.3172846,22.96251763
1930.02,342.2359862,14.41485513,22.29651874
1930.03,357.2435876,14.51208809,21.63756065
1930.04,377.6908629,14.43859061,20.72404303
1930.05,357.2435876,14.53745627,20.0408579
1930.06,323.0427405,14.63599777,19.36455089
1930.07,319.946438,14.8244888,18.79267539
1930.08,317.75877,14.92808998,18.08122294
1930.09,315.6926392,14.85031544,17.16711657
1930.1,273.8930812,14.95254472,16.46109645
1930.11,255.5725299,15.05755844,15.73108893
1930.12,242.947773,15.35066522,15.19402578
1931.01,253.458378,15.33280438,14.90931635
1931.02,276.2840382,15.31288219,14.61735318
1931.03,283.3898676,15.19603397,14.22607436
1931.04,258.0468045,15.07767804,13.82974677
1931.05,236.2010154,15.05390002,13.51603856
1931.06,231.6469116,15.03116225,13.1940202
1931.07,239.3295056,14.80903508,12.69298146
1931.08,232.1479503,14.58523777,12.19194272
1931.09,198.8934523,14.45886467,11.76884333
1931.1,173.4860654,14.33079528,11.34006477
1931.11,178.2482248,14.29588506,10.97967891
1931.12,145.7862589,14.16406781,10.53668459
1932.01,146.3757238,13.99034478,10.46321891
1932.02,147.1999706,13.71302763,10.31472941
1932.03,148.791805,13.33001643,10.08758
1932.04,113.9388532,12.94149427,9.857162255
1932.05,101.4280398,12.64076859,9.695489755
1932.06,88.45175846,12.23860809,9.45710625
1932.07,92.9021614,11.74350076,9.147432379
1932.08,140.6656989,11.33358294,8.905091456
1932.09,155.4541246,10.91566493,8.657251493
1932.1,135.0067098,10.49146243,8.405684613
1932.11,134.6921193,10.06274316,8.15221664
1932.12,131.2925489,9.625553435,7.892953817
1933.01,138.6064771,9.677038953,8.064199128
1933.02,124.1090059,9.730146063,8.240837992
1933.03,124.6936972,9.707294246,8.356279067
1933.04,137.9036234,9.607219048,8.406316667
1933.05,177.533402,9.507143849,8.456354266
1933.06,206.3188114,9.332997244,8.439412402
1933.07,216.1899302,8.951764695,8.229848187
1933.08,203.8531792,8.78842197,8.215264015
1933.09,202.1337053,8.692895644,8.263027178
1933.1,182.4552822,8.597369318,8.310790341
1933.11,186.8494932,8.501842992,8.358553504
1933.12,190.4794936,8.406316667,8.406316667
1934.01,201.3694947,8.421600879,8.48655878
1934.02,214.6454992,8.375346026,8.500492695
1934.03,203.6477617,8.39051532,8.580131485
1934.04,207.0608526,8.405684613,8.659770274
1934.05,186.0134583,8.422750068,8.737512902
1934.06,187.0719127,8.374949813,8.751352052
1934.07,178.2264601,8.390005903,8.830396522
1934.08,171.2630187,8.406944004,8.907558981
1934.09,164.6649088,8.298147151,8.854447518
1934.1,167.1922981,8.37455947,8.998494974
1934.11,171.8624741,8.391372104,9.075085859
1934.12,174.2742366,8.469050373,9.221854851
1935.01,171.7113801,8.344505515,10.56970699
1935.02,165.3037745,8.283596715,11.96519526
1935.03,154.8112186,8.283596715,13.43783467
1935.04,165.2023971,8.162661406,13.82778785
1935.05,178.1773641,8.101733884,14.31509838
1935.06,186.2888861,8.099516788,14.91047409
1935.07,196.0451223,8.099516788,14.60366807
1935.08,209.298877,8.099516788,14.29688047
1935.09,213.7167953,8.099516788,13.99007445
1935.1,219.423273,8.283596715,13.99007445
1935.11,238.3008029,8.406316667,13.8886971
1935.12,238.3008029,8.589062681,13.8886971
1936.01,251.4585159,8.771808696,14.07144312
1936.02,265.8954511,8.95455471,14.25418913
1936.03,273.5427715,9.20399635,14.54231423
1936.04,273.9109314,9.510802365,15.09455401
1936.05,259.3686172,9.817589971,15.6467938
1936.06,268.4538953,10.0510308,16.08164928
1936.07,282.307095,10.34158381,16.32881655
1936.08,285.8748118,10.62798607,16.57245286
1936.09,289.1172482,10.98825679,16.93272357
1936.1,304.2486182,11.6487591,17.41309053
1936.11,312.71498,12.3092434,17.89343947
1936.12,307.3109193,12.96974571,18.37380643
1937.01,314.6108727,13.0566195,18.78006915
1937.02,323.9114784,13.2354773,19.31664255
1937.03,321.2752151,13.31986796,19.71340458
1937.04,299.9820556,13.75579091,19.92826119
1937.05,284.5888455,14.18565938,20.14013368
1937.06,273.9058181,14.71105417,20.49039688
1937.07,288.1917252,14.20378223,20.63901476
1937.08,291.1484297,13.79794846,20.9287718
1937.09,248.2166517,13.30040514,21.07336918
1937.1,212.1155521,13.47313767,20.55517158
1937.11,194.7946483,13.73997966,20.17516
1937.12,192.9950201,14.01052778,19.78987049
1938.01,200.8636088,14.08945441,19.12146965
1938.02,197.4590128,14.07015301,18.30305539
1938.03,184.4023933,13.95090851,17.34920674
1938.04,175.6446588,13.61587094,16.04303504
1938.05,178.5000858,13.47394841,14.96444201
1938.06,182.6138152,13.2354773,13.77205071
1938.07,218.9219489,12.75851721,12.8777617
1938.08,220.1739535,12.28157499,11.9834727
1938.09,210.1579167,11.80461489,11.08918369
1938.1,235.2567764,10.98825679,11.28848839
1938.11,235.4369118,10.08758,11.40856661
1938.12,228.5917682,9.186903214,11.52866286
1939.01,225.1691964,9.246942329,11.94897269
1939.02,224.9748058,9.373956288,12.4582883
1939.03,224.7933745,9.434427338,12.88162194
1939.04,197.9139337,9.563702,13.27954981
1939.05,205.2237743,9.624629521,13.58411432
1939.06,208.8786946,9.685538768,13.8886971
1939.07,213.995583,9.868284783,14.19327988
1939.08,210.8889007,10.0510308,14.49784439
1939.09,228.4014124,10.01603688,14.48748191
1939.1,232.3746107,10.44785071,15.13137
1939.11,228.2314975,10.80812143,15.67177607
1939.12,222.8274368,11.16839214,16.21218214
1940.01,223.1604928,11.30921134,16.87311043
1940.02,220.1254064,11.28848839,17.29299429
1940.03,218.8644589,11.3485275,17.83340036
1940.04,221.0260832,11.46862374,18.133686
1940.05,190.5832079,11.58870197,18.4337915
1940.06,172.955494,11.62575709,18.60121135
1940.07,179.9552218,11.82889446,18.97419757
1940.08,183.7380643,11.94897269,19.21449814
1940.09,191.4838846,12.06906893,19.45461857
1940.1,193.2852382,12.06906893,19.27448321
1940.11,197.7886221,12.06906893,19.09434786
1940.12,188.3372649,11.9834727,18.78006915
1941.01,188.6949805,12.043086,18.8396288
1941.02,176.8903656,12.10271719,18.8993673
1941.03,176.7102482,12.07668028,18.82541338
1941.04,170.0074671,12.05100752,18.87012343
1941.05,165.1490962,12.02570885,18.9142125
1941.06,167.4401034,11.83746633,18.69976565
1941.07,176.0179776,11.89464644,19.27156674
1941.08,172.8090466,11.79141627,19.57718315
1941.09,171.0212238,11.69090397,19.87453675
1941.1,162.027633,11.59301945,19.44990915
1941.11,153.4425724,11.57233749,19.15985162
1941.12,142.5277432,11.55190613,18.87353677
1942.01,143.4428175,11.2976559,17.99058854
1942.02,138.0657706,11.11975332,17.23826962
1942.03,128.9318819,10.87567219,16.3923175
1942.04,122.8053217,10.65148199,15.97722298
1942.05,122.6909653,10.36607147,15.47174847
1942.06,128.8796647,10.21135399,15.1623135
1942.07,132.8608098,9.944062646,14.86483338
1942.08,131.2913821,9.679995915,14.57094379
1942.09,132.6669612,9.476211515,14.36715939
1942.1,140.7428826,9.211712275,14.64813263
1942.11,142.1568193,9.006767857,15.01127976
1942.12,142.0617775,8.804248817,15.37012929
1943.01,150.5675772,8.804248817,15.56904562
1943.02,159.5210506,8.804248817,15.76811118
1943.03,162.3103352,8.650686337,15.68853285
1943.04,165.8073494,8.551253161,15.65314138
1943.05,171.3447517,8.502388857,15.70780314
1943.06,174.3710257,8.502388857,15.85191143
1943.07,178.9965704,8.599560494,15.84634173
1943.08,171.1390017,8.697870081,15.84085341
1943.09,173.7788566,8.696189655,15.65314138
1943.1,172.1845552,8.744496989,14.97672276
1943.11,164.213048,8.792818816,14.3004056
1943.12,166.3870954,8.841126149,13.62403046
1944.01,171.7497457,8.889433483,13.57572313
1944.02,170.5902537,8.93775531,13.5274013
1944.03,175.373158,8.986062644,13.47909397
1944.04,171.3447517,8.982745006,13.35403928
1944.05,174.3710257,9.030790708,13.30599358
1944.06,181.5477821,9.027237784,13.18263295
1944.07,185.2239266,9.023725006,13.01316342
1944.08,182.5168076,9.071227819,12.91818629
1944.09,179.5247288,9.118716384,12.82319492
1944.1,183.9416071,9.118716384,12.96567486
1944.11,182.6592876,9.118716384,13.1081548
1944.12,185.6001376,9.06748764,13.17619298
1945.01,191.1256379,9.114709416,13.31787247
1945.02,197.5012152,9.161945359,13.45955197
1945.03,197.3595357,9.209167135,13.60123146
1945.04,202.318318,9.209167135,13.79013273
1945.05,208.7959994,9.157719274,13.90095293
1945.06,210.2508041,9.056529006,13.93312155
1945.07,205.9315365,9.1029681,13.88668245
1945.08,206.6281925,9.149421127,13.84022943
1945.09,220.7006453,9.195860221,13.79379033
1945.1,229.8965055,9.195860221,13.65445912
1945.11,237.4203912,9.195860221,13.5151279
1945.12,240.1342876,9.145333516,13.3023033
1946.01,249.6953181,9.237715242,13.02517198
1946.02,251.7715064,9.381630531,12.81847182
1946.03,241.5782478,9.370975956,12.4027623
1946.04,255.7530473,9.320046739,12.06123696
1946.05,254.915873,9.269668108,11.72340378
1946.06,250.5711717,9.170527273,11.3282984
1946.07,229.900024,8.703505435,10.91123345
1946.08,220.9779282,8.572782544,10.90323825
1946.09,186.5460566,8.529938971,11.00238505
1946.1,178.8363041,8.446735692,11.47785949
1946.11,173.9278758,8.327380169,11.87930944
1946.12,177.4710295,8.328118372,12.43352884
1947.01,178.4094091,8.367213609,13.25461093
1947.02,185.3299581,8.406320577,14.07569302
1947.03,174.5750146,8.291161644,14.6246879
1947.04,168.1263333,8.444697836,15.27727141
1947.05,165.1323027,8.598245543,15.92973977
1947.06,170.1132809,8.712000909,16.50694909
1947.07,179.1454241,8.747113288,16.77480491
1947.08,173.2822076,8.742569333,16.9620416
1947.09,165.1292987,8.662161087,16.99537935
1947.1,169.4055554,8.844910756,17.21467457
1947.11,166.7070851,8.988568727,17.35849805
1947.12,161.9832558,9.05295641,17.35149979
1948.01,157.8046534,8.973828169,17.48652198
1948.02,151.3137,9.085979889,17.99313059
1948.03,154.1158056,9.160729701,18.42923269
1948.04,163.1814412,9.006767857,18.64930756
1948.05,170.4125701,8.969082636,19.09887008
1948.06,176.0094353,8.894650415,19.46358797
1948.07,169.7111307,8.854197639,19.94777602
1948.08,164.0775767,8.886674188,20.58689796
1948.09,162.2247559,8.955300612,21.30743939
1948.1,167.3339346,9.198715369,22.15267709
1948.11,159.3379114,9.483158884,23.10003715
1948.12,158.9526351,9.731793983,23.96323465
1949.01,161.40128,9.947478225,24.37831833
1949.02,156.5058368,10.20766671,24.90106408
1949.03,157.9893044,10.38427353,25.21895
1949.04,157.1172241,10.48151266,25.1838123
1949.05,156.6117987,10.66687412,25.36019731
1949.06,147.4095111,10.76289916,25.32446862
1949.07,157.0597899,10.92470017,25.50274299
1949.08,162.0158595,10.94936874,25.36019731
1949.09,163.4483412,10.9739364,25.21895
1949.1,169.084015,11.4212049,25.18351578
1949.11,170.7047414,11.72649386,24.83038744
1949.12,176.7463699,12.18203517,24.79151017
1950.01,181.1471813,12.3411883,25.07589953
1950.02,184.6885657,12.44850298,25.25468579
1950.03,185.4020265,12.50261504,25.32580996
1950.04,190.6381644,12.609475,25.93138534
1950.05,196.2183283,12.66267954,26.42488401
1950.06,198.5727408,12.71543697,26.9143416
1950.07,181.8694402,13.01057141,27.20716598
1950.08,191.2696496,13.35327835,27.60592881
1950.09,197.2039205,13.74639488,28.11292787
1950.1,203.6994051,14.11307801,28.29443171
1950.11,202.4663071,14.53234336,28.5882834
1950.12,199.229705,14.8287426,28.6487272
1951.01,210.5881612,14.76073086,28.1645035
1951.02,215.8820623,14.75190821,27.80296016
1951.03,211.428639,14.85767597,27.66264671
1951.04,214.2633271,14.98797388,27.30420527
1951.05,213.5334261,15.05999745,26.84182351
1951.06,209.8333485,15.18979228,26.48476602
1951.07,213.5334261,15.05999745,25.80317278
1951.08,222.8809905,14.93010525,25.12157954
1951.09,226.8739257,14.68689808,24.2527067
1951.1,224.8529282,14.27787218,23.93557496
1951.11,216.9402858,13.81950697,23.5312864
1951.12,222.7832526,13.41838472,23.22046717
1952.01,230.2061889,13.45007494,23.09361109
1952.02,227.7376663,13.58438399,23.14131126
1952.03,228.3130036,13.61631521,23.01349049
1952.04,226.7794973,13.66026458,22.73526553
1952.05,226.683971,13.75579091,22.54421288
1952.06,232.01434,13.79904811,22.26880868
1952.07,236.8881146,13.69568446,22.16500127
1952.08,237.8326446,13.69568446,22.22790697
1952.09,234.0545247,13.69568446,22.29090712
1952.1,229.1429689,13.56977861,22.41681296
1952.11,236.4158496,13.44377832,22.54281326
1952.12,245.9556022,13.31787247,22.6687191
1953.01,248.2075605,13.36793966,22.84874793
1953.02,246.0988857,13.41838472,23.03013547
1953.03,246.406207,13.36793966,23.0383641
1953.04,234.2707724,13.39951075,23.29121725
1953.05,234.6212427,13.38087262,23.45579592
1953.06,225.3708405,13.36227948,23.61924049
1953.07,228.5702595,13.36227948,23.74467653
1953.08,228.6580634,13.31260558,23.78146985
1953.09,218.1579801,13.31260558,23.90643959
1953.1,223.8882339,13.35670315,23.69339033
1953.11,229.6893216,13.50010706,23.65640636
1953.12,232.7830961,13.59385781,23.53143662
1954.01,238.6893929,13.65638955,23.65640636
1954.02,243.9394346,13.71882755,23.78146985
1954.03,249.0957255,13.78135929,23.90643959
1954.04,259.9998465,13.7700172,24.21517933
1954.05,269.3458861,13.65638955,24.34397431
1954.06,271.5021532,13.59385781,24.5626948
1954.07,282.4709901,13.65638955,24.59391379
1954.08,288.0960348,13.71882755,24.62522654
1954.09,295.9462603,13.83278228,24.7484472
1954.1,302.8156011,14.05231888,25.18761451
1954.11,314.6722716,14.27194959,25.62668773
1954.12,330.3021279,14.54576142,26.16347996
1955.01,336.2526667,14.60876157,26.76165079
1955.02,347.4925732,14.67166727,27.35991607
1955.03,344.7534363,14.73466742,27.95808689
1955.04,356.6545139,14.76612026,28.77671101
1955.05,355.1432659,14.79766756,29.59524068
1955.06,375.7340191,14.82912041,30.41386479
1955.07,401.7152894,14.93065351,30.99041963
1955.08,399.2686748,15.08742504,31.68055313
1955.09,415.6907967,15.18762045,32.25025576
1955.1,394.7843809,15.25015219,32.81276022
1955.11,421.409592,15.31259019,33.37526468
1955.12,426.9342394,15.43249179,34.06440261
1956.01,415.4539711,15.71479347,34.28393922
1956.02,418.0887868,15.99709515,34.50356992
1956.03,446.883558,16.27939683,34.72310653
1956.04,450.4723225,16.43759911,34.31277212
1956.05,434.6999752,16.59472292,33.90547722
1956.06,429.0003002,16.68901103,33.37802206
1956.07,448.970942,16.6898827,32.70483635
1956.08,447.9365881,16.87424886,32.39360271
1956.09,431.1151891,16.93535328,31.84582737
1956.1,424.0451811,16.56811651,31.57715167
1956.11,419.643328,16.26237113,31.42437069
1956.12,424.3362457,15.89890326,31.15819547
1957.01,415.1075719,15.86847605,31.12776826
1957.02,395.764533,15.78078072,30.98498524
1957.03,399.4209959,15.69380701,30.84332014
1957.04,407.2092106,15.63755681,30.79306107
1957.05,421.3366004,15.58170839,30.74307093
1957.06,426.7477126,15.52625747,30.69352633
1957.07,432.2866659,15.50564417,30.62516215
1957.08,408.4935223,15.59475707,30.77362424
1957.09,391.9185233,15.68386996,30.92217544
1957.1,367.5015894,15.77298286,30.62516215
1957.11,358.3044481,15.80624331,30.22127081
1957.12,358.1268498,15.89504243,29.92530335
1958.01,362.5885399,15.72507346,29.03997364
1958.02,363.8230339,15.66634682,28.36399996
1958.03,368.739578,15.49914635,27.49566076
1958.04,369.4707069,15.32919477,26.78968045
1958.05,381.3384481,15.21278619,26.17884083
1958.06,390.5010424,15.09646488,25.56800121
1958.07,399.8508003,15.0444081,25.33487021
1958.08,416.2435692,15.09646488,25.27715429
1958.09,427.2386824,15.09646488,25.1316872
1958.1,444.6039801,15.15466917,25.16074571
1958.11,456.5499569,15.16032831,25.10302979
1958.12,466.768732,15.27099048,25.21895
1959.01,483.6820686,15.27633548,25.76967969
1959.02,477.9383708,15.3873118,26.49883353
1959.03,490.0679003,15.44551609,27.13873166
1959.04,496.5524293,15.45025927,27.88581048
1959.05,504.0311524,15.5081759,28.72638417
1959.06,497.9659337,15.51268746,29.46543986
1959.07,515.9520798,15.51716812,29.45089709
1959.08,513.0156267,15.57468805,29.53726336
1959.09,491.0379172,15.57894181,29.52252509
1959.1,488.9388265,15.58316663,29.30776527
1959.11,490.9117376,15.64029527,29.19333643
1959.12,506.6092473,15.69750969,29.07899337
1960.01,499.4729244,16.06670901,29.17823908
1960.02,478.4738201,16.32652521,29.07899337
1960.03,471.9546357,16.64107585,29.07899337
1960.04,476.4244351,16.61313292,28.61000115
1960.05,472.0645488,16.6416859,28.23949631
1960.06,487.8503639,16.6138353,27.77492466
1960.07,475.7520838,16.6138353,27.80329598
1960.08,481.4604272,16.6138353,27.8317525
1960.09,466.9765708,16.6138353,27.86012382
1960.1,454.7027461,16.50233305,27.67314312
1960.11,469.4279049,16.50233305,27.67314312
1960.12,480.6833423,16.50233305,27.67314312
1961.01,505.3945282,16.47415215,27.16537903
1961.02,526.1282287,16.44588661,26.65761493
1961.03,542.6305617,16.4177057,26.14985084
1961.04,557.1018384,16.4177057,25.98059614
1961.05,562.7718708,16.4177057,25.81134144
1961.06,555.3246641,16.4177057,25.64208674
1961.07,550.1093627,16.36432447,25.52720963
1961.08,571.7701072,16.47522796,25.66875823
1961.09,565.408859,16.47638067,25.63926583
1961.1,571.6295333,16.644507,26.03158863
1961.11,597.5209887,16.81263333,26.42382737
1961.12,603.0691577,16.98075967,26.81615017
1962.01,580.6242922,17.0368298,27.32052917
1962.02,588.3304548,17.0360291,27.73246661
1962.03,588.916942,17.09191296,28.23516993
1962.04,568.2614396,17.09101603,28.42000301
1962.05,526.0071724,17.14663133,28.69841354
1962.06,464.54642,17.20233013,28.97674056
1962.07,474.1661985,17.20107175,29.04756947
1962.08,487.0669815,17.2565035,29.21403119
1962.09,481.1510197,17.25507105,29.28384655
1962.1,465.9698755,17.39336049,29.6710072
1962.11,498.0742625,17.53156697,30.0580849
1962.12,519.6431013,17.66985641,30.44524556
1963.01,539.7187128,17.72518878,30.55582734
1963.02,546.8530211,17.78043819,30.66649207
1963.03,542.9929333,17.77729262,30.67616541
1963.04,568.5426236,17.91512865,31.03443987
1963.05,579.9531649,18.052882,31.39279702
1963.06,577.8106485,18.13127124,31.6473098
1963.07,567.3853018,18.09956648,31.87280977
1963.08,583.0752674,18.12700339,32.20139544
1963.09,598.4366474,18.15435814,32.52998111
1963.1,597.967506,18.28644078,32.5881237
1963.11,594.610438,18.47754802,32.75188312
1963.12,605.3364147,18.60815728,32.80911942
1964.01,623.944572,18.74420903,33.24437075
1964.02,631.6163561,18.88017916,33.67970369
1964.03,643.1240324,19.01623091,34.11495502
1964.04,652.428111,19.15228265,34.52302864
1964.05,658.7940595,19.28825278,34.93110227
1964.06,652.7640477,19.36164548,35.22517855
1964.07,674.8299096,19.46156913,35.49036074
1964.08,667.0819032,19.68705129,35.98443165
1964.09,676.3706172,19.78592862,36.24717251
1964.1,688.0475587,19.94810836,36.4634392
1964.11,690.6112462,20.04583205,36.56206189
1964.12,678.6484109,20.20749199,36.77763542
1965.01,696.107684,20.34223554,37.12787167
1965.02,701.199972,20.47689827,37.47818875
1965.03,699.6042903,20.54578994,37.70756741
1965.04,706.5321756,20.64098774,38.01580019
1965.05,717.0534573,20.80161799,38.44420108
1965.06,678.6770595,20.82957579,38.62649304
1965.07,677.639571,20.96261373,38.99895139
1965.08,690.249046,21.09557187,39.37132994
1965.09,713.3132123,21.22860981,39.74378829
1965.1,727.0535774,21.32075268,40.1752989
1965.11,733.099761,21.47986278,40.73218423
1965.12,727.4636112,21.57092579,41.15922972
1966.01,740.0730862,21.72953553,41.55575409
1966.02,730.4826486,21.75134438,41.69007672
1966.03,698.2742293,21.84071059,41.95301963
1966.04,715.1875604,21.83562876,42.00555759
1966.05,677.5543285,21.96570545,42.31786656
1966.06,669.8589003,22.02766312,42.49860093
1966.07,666.0906671,22.11507923,42.49718981
1966.08,621.9903112,22.13406315,42.3657537
1966.09,600.0876145,22.28830749,42.49431636
1966.1,591.2272381,22.10168848,42.33817116
1966.11,620.8154287,22.05063735,42.44042672
1966.12,623.4216424,21.99950957,42.54260562
1967.01,647.3374856,22.07616292,42.28712003
1967.02,669.6436085,22.15281626,42.03155778
1967.03,683.3571239,22.16210758,41.64947803
1967.04,693.0258888,22.09515257,41.21888807
1967.05,703.3200544,22.0286009,40.79089202
1967.06,692.4230026,21.96244895,40.36546652
1967.07,702.2798022,21.94705551,40.16910599
1967.08,711.3249509,21.93167869,39.97391776
1967.09,719.115357,21.91646845,39.77989137
1967.1,715.8589783,21.85143442,39.73668383
1967.11,691.3573689,21.78678521,39.69373195
1967.12,708.9575029,21.7225174,39.65103348
1968.01,702.8765419,21.66906848,39.68967226
1968.02,669.1870504,21.67944825,39.84395003
1968.03,655.0309783,21.68976749,39.99740175
1968.04,701.3653914,21.72443927,40.19878637
1968.05,715.4140975,21.75898316,40.39907664
1968.06,730.4047478,21.73044971,40.48113876
1968.07,724.7738352,21.7022433,40.46593696
1968.08,706.9231956,21.73635711,40.56648243
1968.09,727.8289558,21.7702047,40.66645499
1968.1,741.5657252,21.74209266,40.67416561
1968.11,750.8693023,21.77570845,40.7967809
1968.12,756.5685,21.8090638,40.91863437
1969.01,722.5654213,21.81864213,40.94537388
1969.02,715.0065433,21.76719427,40.85751676
1969.03,693.6957715,21.65616205,40.65769778
1969.04,703.7684945,21.60631804,40.48002738
1969.05,724.6983984,21.61624286,40.41496088
1969.06,683.1165855,21.56702555,40.24007322
1969.07,649.0453137,21.4955228,40.13561628
1969.08,641.9245165,21.42472489,40.03222043
1969.09,642.4374567,21.41231604,40.03763221
1969.1,645.8214756,21.3200192,39.57502322
1969.11,647.0173812,21.22877411,39.11741597
1969.12,609.4691073,21.13843024,38.66459708
1970.01,602.5194112,21.10472516,38.22872579
1970.02,578.4430742,21.01581379,37.69569368
1970.03,585.2512873,20.92776741,37.16824306
1970.04,563.0048708,20.78650665,36.63841808
1970.05,496.9309163,20.75447718,36.30398521
1970.06,491.3145439,20.66913943,35.87850619
1970.07,489.6356138,20.58467695,35.34966087
1970.08,503.8616882,20.60627472,35.00474323
1970.09,531.2706355,20.5225639,34.48305408
1970.1,540.0311704,20.31168797,33.81726779
1970.11,536.7305823,20.10300578,33.1582703
1970.12,570.5945848,19.89635754,32.50583254
1971.01,592.3918682,19.83299334,32.69592513
1971.02,613.7875274,19.7200812,32.80359662
1971.03,627.951855,19.60773363,32.91072975
1971.04,647.7685411,19.53789411,33.03827097
1971.05,635.7928834,19.42003079,33.08294452
1971.06,619.417166,19.25584852,33.04552069
1971.07,613.4339189,19.18790317,33.19154617
1971.08,601.0516417,19.12022907,33.33679402
1971.09,614.4028505,19.09964596,33.56345551
1971.1,599.8903779,19.01182032,34.0363335
1971.11,572.0817068,18.97075474,34.59127372
1971.12,608.5068787,18.83751253,34.97518613
1972.01,633.8485487,18.83751253,35.20019316
1972.02,642.3810024,18.74628971,35.25358852
1972.03,656.058192,18.70100882,35.39181147
1972.04,661.1618699,18.65594614,35.6306087
1972.05,652.9040661,18.61110012,35.86831848
1972.06,653.1526619,18.56646918,36.1048277
1972.07,645.2199141,18.49788917,36.27357742
1972.08,666.5008214,18.47390164,36.52742741
1972.09,655.333285,18.44996817,36.78013135
1972.1,653.4271678,18.50182603,37.16265664
1972.11,684.5993267,18.59701283,37.63018264
1972.12,697.2297941,18.69169235,38.09544918
1973.01,700.9210516,18.68730115,38.75590221
1973.02,671.3296247,18.59577182,39.22945818
1973.03,654.6443372,18.46283406,39.60481755
1973.04,637.9931617,18.43221821,40.1613514
1973.05,615.8249294,18.40196335,40.71033631
1973.06,597.9515747,18.37217624,41.25181188
1973.07,602.2945621,18.42560246,42.03156436
1973.08,580.4272749,18.19192164,42.14343767
1973.09,589.1860885,18.24468285,42.90569148
1973.1,607.2457697,18.28744417,43.39578474
1973.11,560.4211111,18.36934033,43.97289305
1973.12,517.3705803,18.45022749,44.54256104
1974.01,520.1273143,18.40009227,44.52102562
1974.02,499.303152,18.27305275,44.31124462
1974.03,514.086713,18.14920251,44.10678285
1974.04,485.7800244,18.17865979,44.58852217
1974.05,465.3051948,18.05801358,44.69529601
1974.06,462.1243919,18.01353571,44.98237204
1974.07,404.8815637,18.02082864,45.2477482
1974.08,383.4793537,17.9558924,45.32687628
1974.09,339.5088684,17.89249615,45.40407796
1974.1,342.7013479,17.73385707,44.59791172
1974.11,351.3024219,17.61247396,43.89238274
1974.12,325.902693,17.49291329,43.19777755
1975.01,351.225914,17.53869061,42.32199656
1975.02,384.7691229,17.51717874,41.29504589
1975.03,400.9190951,17.56234279,40.43645683
1975.04,403.884583,17.55949246,39.50493694
1975.05,427.1104126,17.52370975,38.50786712
1975.06,434.7445858,17.45565382,37.45202276
1975.07,430.35068,17.2624178,36.72721303
1975.08,398.0692826,17.23062698,36.34998147
1975.09,391.0784792,17.13595321,35.84231722
1975.1,406.8565394,16.99637796,35.95271392
1975.11,410.7542182,16.82783463,35.99665364
1975.12,403.0488045,16.72175423,36.16988144
1976.01,439.3358808,16.70678329,37.1631618
1976.02,454.664224,16.66199756,38.08454649
1976.03,456.1065912,16.64721386,39.06907102
1976.04,458.076828,16.69274218,39.81388911
1976.05,451.7093345,16.67874228,40.40981887
1976.06,451.9875194,16.69423451,41.06959287
1976.07,460.2127128,16.73902285,41.29547855
1976.08,453.8532291,16.78334303,41.51900305
1976.09,461.9095877,16.85641623,41.81266884
1976.1,443.8360976,17.05946544,42.11869542
1976.11,440.0271966,17.31989657,42.56784836
1976.12,453.6811108,17.54926933,42.94154545
1977.01,447.4747026,17.66046426,42.96563289
1977.02,430.9837479,17.68027616,42.77108317
1977.03,426.3909866,17.75922697,42.72386824
1977.04,416.3228329,17.8494264,42.84405384
1977.05,413.0387234,17.9975894,43.10516616
1977.06,412.5188708,18.11443526,43.29183839
1977.07,414.2522607,18.21829351,43.47871008
1977.08,402.8026736,18.35103049,43.73468661
1977.09,395.2474851,18.48294381,43.98940627
1977.1,383.7701904,18.65494041,44.09222265
1977.11,384.1102756,18.79536973,44.12297714
1977.12,381.0051351,18.96497528,44.22453551
1978.01,364.161638,19.01843738,43.9818488
1978.02,356.7539223,19.0712596,43.74224873
1978.03,353.3039651,19.09321136,43.43705584
1978.04,365.8918395,19.08853504,43.5048594
1978.05,380.8647937,19.05430474,43.50444821
1978.06,377.7427388,18.99157124,43.43693382
1978.07,373.063889,18.98779656,43.54126568
1978.08,397.0074098,19.0415682,43.77665825
1978.09,394.0223917,19.03746301,43.87718068
1978.1,378.0963294,18.92988508,44.43684226
1978.11,354.3748894,18.90796389,45.18719488
1978.12,358.0196875,18.88627422,45.93052489
1979.01,368.167131,18.88035338,46.72078185
1979.02,358.5032501,18.81994253,47.3601662
1979.03,361.6643116,18.78775645,48.05330014
1979.04,364.7103109,18.74157343,48.31857946
1979.05,351.7602634,18.6702412,48.50962028
1979.06,354.7395871,18.6264444,48.76361286
1979.07,354.3072729,18.61810546,48.97754685
1979.08,367.0074837,18.63512962,49.2531561
1979.09,367.1284142,18.62686521,49.45753867
1979.1,350.4495047,18.63475836,49.32015053
1979.11,344.5593037,18.61793137,49.11980284
1979.12,354.4462595,18.57719263,48.85966063
1980.01,359.4834904,18.47660861,48.63335123
1980.02,368.5354797,18.37882921,48.41367173
1980.03,329.6409569,18.26091261,48.13954376
1980.04,320.6854136,18.20331832,47.24132025
1980.05,332.0392317,18.16914359,46.41982451
1980.06,349.4669492,18.11373192,45.55878029
1980.07,365.3240883,18.24586458,45.25383531
1980.08,373.8943968,18.24565299,44.62512881
1980.09,379.785378,18.22369363,43.95302714
1980.1,387.2060483,18.14098998,43.71681191
1980.11,400.2586567,18.0809548,43.53587158
1980.12,390.1193308,18.00101182,43.30762908
1981.01,385.5310747,17.97212529,42.72727851
1981.02,368.3860273,17.90287235,42.06027383
1981.03,379.5665695,17.8954809,41.54715153
1981.04,380.4070572,17.87876374,41.67297043
1981.05,369.859211,17.84235096,41.75084231
1981.06,368.2634752,17.78687533,41.78106396
1981.07,355.433018,17.71198991,41.56363782
1981.08,354.1035666,17.69607984,41.48503614
1981.09,320.1074877,17.64244142,41.31903074
1981.1,323.4721852,17.7036759,41.31155621
1981.11,330.7800379,17.74566271,41.26003239
1981.12,332.1389372,17.78740835,41.20883745
1982.01,313.6991341,17.81105058,40.58753324
1982.02,305.2399339,17.83454286,39.96990307
1982.03,295.6888529,17.93347556,39.52303169
1982.04,309.0583651,17.93760933,38.78961512
1982.05,306.4181399,17.84806691,37.86343669
1982.06,285.2081253,17.70526284,36.84046613
1982.07,282.9695518,17.64894545,36.12569323
1982.08,283.1646689,17.64725065,35.52671183
1982.09,315.3012748,17.64553703,34.93043534
1982.1,340.7896808,17.60875946,34.03608045
1982.11,355.381326,17.6618343,33.31654898
1982.12,360.1968883,17.75145353,32.66060738
1983.01,372.0955506,17.74952506,32.40480358
1983.02,378.1554505,17.76575852,32.18262595
1983.03,391.2930036,17.80009648,31.99380582
1983.04,403.3497378,17.69930365,31.91169102
1983.05,417.1804128,17.61767374,31.86256714
1983.06,421.7520884,17.5899008,31.9102091
1983.07,421.578043,17.56995916,32.37997057
1983.08,408.7382715,17.56769172,32.87851393
1983.09,418.7297358,17.53055114,33.30804717
1983.1,418.734447,17.55338797,33.81661441
1983.11,411.6769308,17.59345721,34.35633379
1983.12,409.2789121,17.65077547,34.92812127
1984.01,411.8187713,17.62109166,35.7371578
1984.02,387.3965659,17.60893481,36.57240308
1984.03,386.8872057,17.64834903,37.50888665
1984.04,385.5001474,17.6687486,38.09333405
1984.05,381.942705,17.72319027,38.74718501
1984.06,372.3260603,17.77729262,39.39700964
1984.07,366.0502733,17.76550265,39.5363366
1984.08,396.7459694,17.75382707,39.67459694
1984.09,398.939771,17.72531914,39.77388686
1984.1,394.6897398,17.79456776,39.72451643
1984.11,398.2821828,17.91431586,39.78822242
1984.12,393.9712512,18.03406396,39.8521679
1985.01,410.196381,18.10345314,39.57749663
1985.02,430.3875524,18.12117169,39.19238953
1985.03,425.2142509,18.15574784,38.84761189
1985.04,426.0563489,18.13374615,38.05254102
1985.05,434.5744506,18.12880555,37.29960266
1985.06,442.7378862,18.14076887,36.58622765
1985.07,450.3383929,18.1850854,36.22194513
1985.08,439.6970634,18.22926115,35.85924532
1985.09,428.6988638,18.25637747,35.46487613
1985.1,431.9934213,18.2355977,34.85481615
1985.11,456.9488647,18.23168128,34.28088224
1985.12,478.3063435,18.22778637,33.70986821
1986.01,479.06801,18.26993276,33.5485667
1986.02,506.2248518,18.41237155,33.57142932
1986.03,538.4523975,18.58970395,33.65617224
1986.04,552.680488,18.68587186,33.86514858
1986.05,552.3158471,18.69613458,33.91867722
1986.06,564.950542,18.6551137,33.87860772
1986.07,553.2047297,18.75490704,33.98616251
1986.08,563.2308797,18.82034835,34.03132931
1986.09,545.3426302,18.83411602,33.98379378
1986.1,542.790456,18.85515489,33.6710708
1986.11,559.8881019,18.8761328,33.35868592
1986.12,567.3693186,18.89709557,33.04709466
1987.01,599.857219,18.82349685,33.3078375
1987.02,634.7672988,18.80122437,33.65532151
1987.03,658.0323707,18.76235888,33.97021811
1987.04,647.3684326,18.79673292,33.28207711
1987.05,644.6329306,18.86404218,32.6590977
1987.06,669.6908837,18.930877,32.04028714
1987.07,687.2053071,18.98439564,33.0195391
1987.08,726.1470393,18.98768694,33.90449747
1987.09,698.8938578,18.99096583,34.78022148
1987.1,612.8664172,19.05091539,35.8854941
1987.11,535.4109835,19.14367435,37.04891031
1987.12,526.6695797,19.2529419,38.24364168
1988.01,546.0109745,19.30474658,38.93635865
1988.02,561.1216375,19.35626156,39.62571
1988.03,575.1652373,19.37421481,40.24208416
1988.04,565.541953,19.47594254,42.24701763
1988.05,549.6657953,19.6099765,44.30658302
1988.06,578.5398106,19.72634818,46.31310564
1988.07,572.6936241,19.80628231,46.86957819
1988.08,558.843455,19.88552354,47.42158643
1988.09,564.1634891,19.91412913,47.8486422
1988.1,582.0080474,20.03668656,48.40968378
1988.11,568.107685,20.20870141,49.08932556
1988.12,578.6754917,20.40537448,49.70539938
1989.01,594.3425541,20.43615843,50.31295062
1989.02,609.7344819,20.52496923,50.93564243
1989.03,603.5639137,20.64118475,51.46892821
1989.04,619.3085772,20.66417408,51.31206133
1989.05,639.4368663,20.7644849,51.19833894
1989.06,657.8061334,21.07336918,51.25075898
1989.07,672.8432078,21.13060141,50.09326805
1989.08,701.5158965,21.34644462,48.9806252
1989.09,700.6833068,21.64794668,47.79495404
1989.1,697.5368814,21.6784584,47.03795987
1989.11,681.4524853,21.88039369,46.39826088
1989.12,697.170973,22.11907906,45.73809568
1990.01,672.9738172,22.05173493,44.51916684
1990.02,651.0626584,22.12568816,43.50268875
1990.03,663.2172352,22.18170272,42.4626765
1990.04,661.640381,22.37560632,42.12934182
1990.05,683.6638729,22.55124575,41.76488448
1990.06,699.665696,22.63687121,41.27443241
1990.07,696.2867,22.67906909,41.42560652
1990.08,633.8273338,22.58073355,41.3544788
1990.09,599.4204235,22.48230433,41.31574778
1990.1,580.1680842,22.53025101,40.81635108
1990.11,594.266274,22.64296054,40.47339903
1990.12,619.6360099,22.78752657,40.22215194
1991.01,609.8451735,22.68337756,39.68949358
1991.02,677.7312186,22.66207025,39.33763323
1991.03,695.4452375,22.62233219,39.11739356
1991.04,708.2197438,22.62617334,37.98380507
1991.05,702.9875303,22.57802751,36.92958145
1991.06,701.4762203,22.53016489,35.99263379
1991.07,704.0382789,22.57725573,34.88436256
1991.08,718.9062321,22.59126834,33.84065545
1991.09,711.7184723,22.57206312,32.75522515
1991.1,710.0951511,22.49020088,31.57563046
1991.11,706.277009,22.37623628,30.3555267
1991.12,710.501397,22.31118129,29.20570207
1992.01,759.8190236,22.35191513,29.30347031
1992.02,750.673161,22.34406248,29.33713539
1992.03,737.486825,22.30419698,29.31046665
1992.04,736.5198867,22.27221964,29.79867516
1992.05,748.824098,22.24033386,30.2676141
1992.06,734.3894948,22.1610174,30.66926516
1992.07,744.9911173,22.15552068,31.19611039
1992.08,748.0309279,22.13450596,31.69819762
1992.09,746.8949891,22.13127955,32.19744218
1992.1,733.6260138,22.02958871,32.70638156
1992.11,750.9563956,21.99252278,33.28191007
1992.12,774.2342056,22.01992886,33.92739644
1993.01,769.7085279,21.95304292,34.20297987
1993.02,778.4213987,21.93519951,34.52405524
1993.03,790.5684214,21.91730474,34.84289471
1993.04,775.973081,21.87971584,34.44838517
1993.05,778.6919201,21.87280457,34.10329577
1993.06,782.5209652,21.86573781,33.75916229
1993.07,781.1761874,21.86573781,34.38788958
1993.08,790.931061,21.80533522,34.91988588
1993.09,798.1771604,21.76025183,35.47338177
1993.1,802.9561362,21.70525964,36.17543274
1993.11,800.6584201,21.72496653,36.9981715
1993.12,805.9512862,21.75956043,37.8630189
1994.01,815.8899563,21.77471762,38.21947397
1994.02,810.685238,21.7751107,38.56470832
1994.03,794.6196467,21.77532979,38.90776865
1994.04,765.1744239,21.81986669,40.27503955
1994.05,770.9304783,21.87927712,41.66683468
1994.06,775.0226371,21.87914311,42.94037432
1994.07,767.104719,21.87115138,44.03119909
1994.08,785.7480099,21.83385604,45.0556006
1994.09,788.2356688,21.8091589,46.13346074
1994.1,782.3947291,21.95195733,47.94130829
1994.11,776.6324742,22.06312775,49.71350798
1994.12,766.8279125,22.18661132,51.54975752
1995.01,780.6464729,22.11482109,52.43460995
1995.02,805.4020135,22.0268894,53.31242578
1995.03,821.4481633,21.93748821,54.21907678
1995.04,843.2493018,21.98697304,55.08107561
1995.05,867.9328646,22.04868607,56.01075772
1995.06,891.9239792,22.0934539,56.93694744
1995.07,921.7236827,22.22575003,57.35037285
1995.08,922.1822848,22.28306177,57.61268303
1995.09,952.7396665,22.35465672,57.91140085
1995.1,956.4495988,22.39679034,57.05570033
1995.11,977.7761259,22.52630169,56.42526621
1995.12,1009.694469,22.65598179,55.79384638
1996.01,1003.563942,22.69264495,55.51223368
1996.02,1057.502697,22.78773902,55.37635326
1996.03,1048.068463,22.83797013,55.13507116
1996.04,1044.206518,22.84178563,55.3913342
1996.05,1064.848423,22.88917638,55.75223812
1996.06,1075.869054,22.96582109,56.18337872
1996.07,1034.571282,23.13075669,56.65959166
1996.08,1062.434443,23.29506316,57.13414847
1996.09,1078.565588,23.42901185,57.53372624
1996.1,1117.503769,23.48245881,58.8017337
1996.11,1169.787197,23.56524836,60.13749615
1996.12,1181.840138,23.69245618,61.58448509
1997.01,1214.535755,23.70248429,62.18872602
1997.02,1261.563753,23.71260758,62.789339
1997.03,1248.590215,23.73733669,63.42565925
1997.04,1202.59129,23.76012347,63.50909273
1997.05,1312.283264,23.82757595,63.71163679
1997.06,1378.609713,23.85023593,63.79466142
1997.07,1453.884252,23.90960726,63.76230474
1997.08,1454.23005,23.95376797,63.69039549
1997.09,1465.921869,23.98303372,63.57928834
1997.1,1484.359931,24.01215458,62.94328441
1997.11,1466.16573,24.11540623,62.50348891
1997.12,1504.647298,24.23395691,62.10146894
1998.01,1503.39899,24.26699706,61.89254684
1998.02,1594.666329,24.29991476,61.68439901
1998.03,1674.261525,24.31716264,61.47702115
1998.04,1726.062535,24.44298231,61.06865738
1998.05,1717.026324,24.55284751,60.66179865
1998.06,1714.873128,24.6774388,60.29340377
1998.07,1787.238553,24.75026694,59.76628453
1998.08,1658.55496,24.82276246,59.24030132
1998.09,1573.317184,24.87981987,58.71575828
1998.1,1587.671299,24.86019506,58.37771735
1998.11,1759.836765,24.88572156,58.18303936
1998.12,1831.10503,24.92660098,58.02358783
1999.01,1916.778344,24.99382648,58.225127
1999.02,1911.090498,25.09119443,58.49672151
1999.03,1958.916331,25.14252894,58.66080612
1999.04,2025.34571,24.96099443,59.57256179
1999.05,2021.263943,24.96099443,60.90786119
1999.06,2006.818431,24.96099443,62.24316059
1999.07,2089.209224,24.98193927,63.53904619
1999.08,2003.465227,25.01772159,64.86597672
1999.09,1979.920388,24.99364669,66.02888874
1999.1,1949.160951,24.9740573,68.01519829
1999.11,2084.346967,24.98419249,70.07761309
1999.12,2140.808644,25.0091667,72.18044097
2000.01,2129.850885,24.96994773,73.35108897
2000.02,2062.7705,24.85754769,74.29540295
2000.03,2124.475577,24.68864498,75.0528915
2000.04,2151.428183,24.64478827,75.48509222
2000.05,2085.864501,24.58663813,75.87252226
2000.06,2138.578663,24.42902929,75.94941323
2000.07,2149.740356,24.20221378,76.63953285
2000.08,2167.924853,24.03194695,77.5054613
2000.09,2131.415057,23.73804447,77.96532038
2000.1,2014.820181,23.65846708,76.04334732
2000.11,1996.135661,23.60625054,74.21314599
2000.12,1929.003283,23.58116761,72.46824713
2001.01,1923.654265,23.2890018,69.8237976
2001.02,1873.131056,23.05281721,67.36529534
2001.03,1697.269685,22.85735707,65.03683814
2001.04,1696.241688,22.63385318,60.66899089
2001.05,1802.892375,22.39949883,56.30387224
2001.06,1754.998065,22.22951267,52.12388598
2001.07,1711.265596,22.31581078,48.25462564
2001.08,1674.396201,22.33949054,44.23853746
2001.09,1477.550417,22.26283079,40.04197838
2001.1,1527.882351,22.33800073,38.46469376
2001.11,1605.938187,22.37577638,36.81435974
2001.12,1634.065219,22.46441839,35.23802351
2002.01,1623.653246,22.40893336,35.16318118
2002.02,1561.177823,22.31598125,35.02947142
2002.03,1627.369817,22.18646999,34.83825867
2002.04,1559.60551,22.20801122,35.59827314
2002.05,1513.768175,22.35294771,36.55204878
2002.06,1421.485252,22.48537843,37.48497626
2002.07,1265.274349,22.34838656,38.98365175
2002.08,1273.577909,22.16253049,40.38939751
2002.09,1209.130221,22.01433204,41.85509713
2002.1,1188.795987,22.10309517,40.64985009
2002.11,1265.718653,22.22828577,39.51386135
2002.12,1253.530982,22.40290362,38.46273248
2003.01,1243.376124,22.37366395,39.5564158
2003.02,1152.868253,22.27145939,40.50733585
2003.03,1159.127016,22.20691471,41.51132269
2003.04,1221.198154,22.23237504,43.53630487
2003.05,1286.317626,22.24581675,45.54528627
2003.06,1356.359423,22.19871647,47.4313948
2003.07,1361.110203,22.36656196,49.22197818
2003.08,1351.836814,22.47300799,50.8705111
2003.09,1388.18609,22.59084128,52.53494012
2003.1,1415.982699,22.97878021,57.20839288
2003.11,1435.088109,23.40555486,61.99259868
2003.12,1478.70896,23.79585136,66.69406527
2004.01,1542.16875,23.96617279,67.84968765
2004.02,1548.568135,24.12188504,68.95707882
2004.03,1512.571794,24.25002556,69.9778762
2004.04,1520.327084,24.43197567,71.61019224
2004.05,1470.700882,24.54768939,73.03848907
2004.06,1505.904997,24.72706747,74.64649671
2004.07,1472.459127,25.01478391,75.48375267
2004.08,1449.178017,25.25000236,76.16255982
2004.09,1484.266017,25.44471206,76.71925969
2004.1,1475.896445,25.4347224,76.6608522
2004.11,1543.426147,25.54463976,76.96401024
2004.12,1589.217921,25.76229049,77.59167223
2005.01,1562.34503,26.05649597,78.16507978
2005.02,1577.341449,26.25330388,78.44872889
2005.03,1558.930334,26.39313805,78.56622706
2005.04,1509.028877,26.51920761,79.35459258
2005.05,1528.548581,26.84918734,80.75080115
2005.06,1558.842295,27.13792409,82.0231762
2005.07,1577.462101,27.2452423,83.02635893
2005.08,1572.036859,27.33764997,83.97756263
2005.09,1555.151669,27.23595858,84.32110697
2005.1,1509.035123,27.49777078,85.56972041
2005.11,1579.209117,28.03949046,87.69200681
2005.12,1617.280499,28.47383481,89.48370318
2006.01,1626.234389,28.495845,90.01075229
2006.02,1620.32071,28.67539727,91.03105975
2006.03,1632.97119,28.75313719,91.7247796
2006.04,1629.744919,28.78589826,91.71020312
2006.05,1606.552972,28.91772933,92.01284391
2006.06,1557.59643,29.13416402,92.58548967
2006.07,1561.76558,29.32090206,93.99790455
2006.08,1591.98487,29.53548436,95.49559242
2006.09,1637.852103,29.95449458,97.65662403
2006.1,1703.816256,30.44269683,99.41365077
2006.11,1737.967381,30.81342675,100.7881907
2006.12,1770.100355,31.09254093,101.8630632
2007.01,1774.356762,31.25125134,102.23416
2007.02,1790.492285,31.33691971,102.3675464
2007.03,1727.852746,31.30386047,102.1151823
2007.04,1785.871514,31.37838706,102.176
2007.05,1832.630313,31.46269644,102.270944
2007.06,1832.777314,31.67619804,102.7872655
2007.07,1841.137473,32.01114926,100.2628583
2007.08,1764.357366,32.39745449,97.8918218
2007.09,1810.916323,32.63500748,95.07455849
2007.1,1858.397239,32.86709847,89.8745557
2007.11,1755.908555,32.9730059,84.37633823
2007.12,1776.094347,33.29531526,79.4620975
2008.01,1647.284418,33.35764089,76.76319583
2008.02,1614.054257,33.48739375,74.24170681
2008.03,1555.385898,33.42401395,71.32424743
2008.04,1608.850747,33.38296527,67.36464039
2008.05,1633.541444,33.26329742,63.30193313
2008.06,1545.822576,33.08895892,59.20514871
2008.07,1441.533269,32.96961952,56.82453607
2008.08,1475.097809,33.15546512,54.97261298
2008.09,1402.769009,33.25517556,52.9662155
2008.1,1128.123947,33.4159753,41.44683288
2008.11,1048.339019,33.88644915,29.96079721
2008.12,1052.720939,34.05664281,17.85004738
2009.01,1033.849985,33.45916524,14.57966006
2009.02,957.0087189,32.84593341,11.33028218
2009.03,897.6594133,32.3196751,8.133271136
2009.04,1003.069426,31.58084919,8.369260122
2009.05,1064.166199,30.83343368,8.600656922
2009.06,1082.824847,29.91997564,8.780735328
2009.07,1095.903794,29.30779311,10.75816167
2009.08,1179.810891,28.58398492,12.69317439
2009.09,1219.73312,27.90830652,14.64310308
2009.1,1245.519373,27.30204847,29.57300649
2009.11,1268.431698,26.70374342,44.48551435
2009.12,1296.723657,26.17083985,59.52377096
2010.01,1307.66995,25.88385312,63.18499935
2010.02,1267.294678,25.67960038,67.03225091
2010.03,1334.988644,25.3775889,70.60531926
2010.04,1385.041591,25.38757067,72.86201934
2010.05,1300.444219,25.42184701,75.18285855
2010.06,1253.467377,25.50068396,77.63592985
2010.07,1249.084781,25.61483669,79.45496385
2010.08,1256.003333,25.69888849,81.17829893
2010.09,1295.449962,25.80324633,82.96292086
2010.1,1350.915932,25.91721188,84.96986551
2010.11,1381.825065,26.05230884,87.04337253
2010.12,1428.516555,26.1533602,88.99966614
2011.01,1468.798883,26.29657916,90.08935472
2011.02,1505.463367,26.43342913,91.15145839
2011.03,1472.157772,26.44148794,91.76087854
2011.04,1493.036385,26.61244016,92.13062325
2011.05,1493.634958,26.82637477,92.65162441
2011.06,1438.233852,27.19403705,93.70435033
2011.07,1479.267196,27.48251826,94.77859533
2011.08,1319.485031,27.71863669,95.6719692
2011.09,1304.779916,27.98783374,96.67918105
2011.1,1344.611181,28.50976971,96.86787363
2011.11,1367.149567,28.9983182,96.93850913
2011.12,1389.41583,29.5356468,97.16702571
2012.01,1447.036904,29.74745372,97.33102799
2012.02,1498.195916,29.95675499,97.49145841
2012.03,1527.305839,30.06810536,97.33930708
2012.04,1519.62574,30.33193862,96.81960652
2012.05,1471.854364,30.722387,96.70656834
2012.06,1454.465175,31.12283809,96.62146628
2012.07,1496.797255,31.63963467,96.25816722
2012.08,1536.31778,31.92794084,95.20729514
2012.09,1573.052536,32.2474571,94.26850419
2012.1,1567.559267,32.86326626,94.30881596
2012.11,1527.579064,33.62585089,94.76143798
2012.12,1562.217081,34.32442313,95.02098704
2013.01,1621.249504,34.53715563,95.17521632
2013.02,1642.741412,34.56798378,94.83293842
2013.03,1680.190754,34.78841981,95.01539762
2013.04,1703.489202,35.24398088,96.28920205
2013.05,1775.313613,35.59995446,97.29090443
2013.06,1748.30751,35.93233805,98.22801761
2013.07,1801.50163,36.32483451,99.42007164
2013.08,1800.857554,36.68735028,100.5298815
2013.09,1817.161545,37.05042003,101.6409343
2013.1,1857.336481,37.35844788,104.0018299
2013.11,1929.857943,37.64770663,106.3174409
2013.12,1956.254411,37.86375657,108.4295058
2014.01,1964.722624,38.16903902,108.261209
2014.02,1951.76956,38.47239452,108.0950759
2014.03,1988.887428,38.66735614,107.6346361
2014.04,1983.139288,38.9480758,108.0858746
2014.05,2003.279325,39.21887713,108.5118027
2014.06,2060.205895,39.55158536,109.1107406
2014.07,2088.541878,39.95867209,110.1553857
2014.08,2079.769226,40.41783857,111.3434406
2014.09,2111.790805,40.77945249,112.262686
2014.1,2057.671649,41.21850738,111.2531487
2014.11,2183.429611,41.78044502,110.5578139
2014.12,2206.298333,42.35879717,109.8815552
2015.01,2188.576723,43.05185732,109.3004251
2015.02,2237.152789,43.35634051,107.731875
2015.03,2221.556241,43.58757023,106.0050562
2015.04,2232.899108,43.82956919,104.248005
2015.05,2239.688369,43.93604417,102.18515
2015.06,2218.502064,44.11028306,100.2996398
2015.07,2212.911242,44.37854957,98.79590112
2015.08,2158.620468,44.71309944,97.43688434
2015.09,2060.811472,45.05484732,96.0873314
2015.1,2146.990058,45.38615037,94.67082296
2015.11,2210.834081,45.79384003,93.40824112
2015.12,2190.116935,46.26361867,92.26068041
2016.01,2042.288299,46.3611295,92.07648175
2016.02,2025.526979,46.49672225,91.96885031
2016.03,2141.310532,46.47034107,91.54275939
2016.04,2187.69208,46.45484177,91.27944253
2016.05,2168.389419,46.47061151,91.07959913
2016.06,2180.481031,46.52077924,90.94885585
2016.07,2252.148613,46.79530718,91.8543495
2016.08,2273.170306,46.95131464,92.52745697
2016.09,2253.867663,47.03718369,93.06113025
2016.1,2235.756332,47.21161096,94.84400897
2016.11,2262.195811,47.51852195,96.89348106
2016.12,2346.733227,47.73625762,98.76286998
2017.01,2362.723349,47.69507,100.1776477
2017.02,2412.03449,47.78014251,101.8442399
2017.03,2448.255554,47.97580408,103.7406941
2017.04,2433.27121,48.12272853,104.7162674
2017.05,2468.331279,48.37016312,105.9080556
2017.06,2505.875451,48.61459529,107.0921263
2017.07,2528.323727,48.97440294,108.2169122
2017.08,2522.952984,49.15345943,108.9415417
2017.09,2547.081356,49.21812427,109.4099387
2017.1,2614.289746,49.50826116,110.4333788
2017.11,2651.655494,49.7660599,111.3849142
2017.12,2725.570624,50.05448652,112.4052111
2018.01,2838.45073,50.14616638,113.6818272
2018.02,2739.910068,50.28104394,115.0457835
2018.03,2731.313523,50.52804203,116.6591434
2018.04,2671.036947,50.66014838,
2018.05,2707.948759,50.78111861,
2018.06,2756.541553,51.0305712,
2018.07,2815.62,,
