date,area,item,value,arealetter,quote_date,observations,year,month,quarter
1,1,430,.79000002,a,199601,135217,1996,1,1
1,2,430,.26999992,b,199601,135217,1996,1,1
1,3,430,.080000043,c,199601,135217,1996,1,1
1,4,430,.060000062,d,199601,135217,1996,1,1
1,5,430,.049999952,e,199601,135217,1996,1,1
1,6,430,.10000002,f,199601,135217,1996,1,1
1,7,430,.39999998,g,199601,135217,1996,1,1
1,8,430,1.2,m,199601,135217,1996,1,1
2,1,430,.80000001,a,199602,128475,1996,2,1
2,2,430,.30000001,b,199602,128475,1996,2,1
2,3,430,.049999952,c,199602,128475,1996,2,1
2,4,430,.050000072,d,199602,128475,1996,2,1
2,5,430,.049999952,e,199602,128475,1996,2,1
2,6,430,.12,f,199602,128475,1996,2,1
2,7,430,.52999997,g,199602,128475,1996,2,1
2,8,430,1.2,m,199602,128475,1996,2,1
3,1,430,.80000001,a,199603,129690,1996,3,1
3,2,430,.30000001,b,199603,129690,1996,3,1
3,3,430,.049999952,c,199603,129690,1996,3,1
3,4,430,.050000072,d,199603,129690,1996,3,1
3,5,430,.059999943,e,199603,129690,1996,3,1
3,6,430,.12,f,199603,129690,1996,3,1
3,7,430,.62,g,199603,129690,1996,3,1
3,8,430,1.2,m,199603,129690,1996,3,1
4,1,430,.80000001,a,199604,133080,1996,4,2
4,2,430,.30000001,b,199604,133080,1996,4,2
4,3,430,.049999952,c,199604,133080,1996,4,2
4,4,430,.050000072,d,199604,133080,1996,4,2
4,5,430,.069999933,e,199604,133080,1996,4,2
4,6,430,.13,f,199604,133080,1996,4,2
4,7,430,.60000002,g,199604,133080,1996,4,2
4,8,430,1.2,m,199604,133080,1996,4,2
5,1,430,.85000002,a,199605,137164,1996,5,2
5,2,430,.25,b,199605,137164,1996,5,2
5,3,430,.049999952,c,199605,137164,1996,5,2
5,4,430,.050000072,d,199605,137164,1996,5,2
5,5,430,.079999924,e,199605,137164,1996,5,2
5,6,430,.12,f,199605,137164,1996,5,2
5,7,430,.60000002,g,199605,137164,1996,5,2
5,8,430,1.2,m,199605,137164,1996,5,2
6,1,430,.85000002,a,199606,140810,1996,6,2
6,2,430,.25,b,199606,140810,1996,6,2
6,3,430,.069999933,c,199606,140810,1996,6,2
6,4,430,.050000072,d,199606,140810,1996,6,2
6,5,430,.079999924,e,199606,140810,1996,6,2
6,6,430,.10000002,f,199606,140810,1996,6,2
6,7,430,.60000002,g,199606,140810,1996,6,2
6,8,430,1.22,m,199606,140810,1996,6,2
7,1,430,.85000002,a,199607,140864,1996,7,3
7,2,430,.25,b,199607,140864,1996,7,3
7,3,430,.079999924,c,199607,140864,1996,7,3
7,4,430,.040000081,d,199607,140864,1996,7,3
7,5,430,.079999924,e,199607,140864,1996,7,3
7,6,430,.10000002,f,199607,140864,1996,7,3
7,7,430,.60000002,g,199607,140864,1996,7,3
7,8,430,1.22,m,199607,140864,1996,7,3
8,1,430,.88999999,a,199608,115492,1996,8,3
8,2,430,.21000004,b,199608,115492,1996,8,3
8,3,430,.10000002,c,199608,115492,1996,8,3
8,4,430,.049999952,d,199608,115492,1996,8,3
8,5,430,.049999952,e,199608,115492,1996,8,3
8,6,430,.1500001,f,199608,115492,1996,8,3
8,7,430,.44999993,g,199608,115492,1996,8,3
8,8,430,1.25,m,199608,115492,1996,8,3
9,1,430,.88999999,a,199609,115206,1996,9,3
9,2,430,.21000004,b,199609,115206,1996,9,3
9,3,430,.10000002,c,199609,115206,1996,9,3
9,4,430,.049999952,d,199609,115206,1996,9,3
9,5,430,.049999952,e,199609,115206,1996,9,3
9,6,430,.1500001,f,199609,115206,1996,9,3
9,7,430,.54999995,g,199609,115206,1996,9,3
9,8,430,1.25,m,199609,115206,1996,9,3
10,1,430,.88999999,a,199610,115920,1996,10,4
10,2,430,.21000004,b,199610,115920,1996,10,4
10,3,430,.10000002,c,199610,115920,1996,10,4
10,4,430,.049999952,d,199610,115920,1996,10,4
10,5,430,.049999952,e,199610,115920,1996,10,4
10,6,430,.1500001,f,199610,115920,1996,10,4
10,7,430,.54999995,g,199610,115920,1996,10,4
10,8,430,1.25,m,199610,115920,1996,10,4
11,1,430,.88999999,a,199611,115705,1996,11,4
11,2,430,.21000004,b,199611,115705,1996,11,4
11,3,430,.10000002,c,199611,115705,1996,11,4
11,4,430,.049999952,d,199611,115705,1996,11,4
11,5,430,.049999952,e,199611,115705,1996,11,4
11,6,430,.1500001,f,199611,115705,1996,11,4
11,7,430,.54999995,g,199611,115705,1996,11,4
11,8,430,1.25,m,199611,115705,1996,11,4
12,1,430,.88999999,a,199612,118548,1996,12,4
12,2,430,.21000004,b,199612,118548,1996,12,4
12,3,430,.10000002,c,199612,118548,1996,12,4
12,4,430,.049999952,d,199612,118548,1996,12,4
12,5,430,.049999952,e,199612,118548,1996,12,4
12,6,430,.1500001,f,199612,118548,1996,12,4
12,7,430,.29999995,g,199612,118548,1996,12,4
12,8,430,1.25,m,199612,118548,1996,12,4
13,1,430,.88999999,a,199701,115066,1997,1,1
13,2,430,.21000004,b,199701,115066,1997,1,1
13,3,430,.10000002,c,199701,115066,1997,1,1
13,4,430,.049999952,d,199701,115066,1997,1,1
13,5,430,.049999952,e,199701,115066,1997,1,1
13,6,430,.1500001,f,199701,115066,1997,1,1
13,7,430,.29999995,g,199701,115066,1997,1,1
13,8,430,1.25,m,199701,115066,1997,1,1
14,1,430,.88999999,a,199702,110875,1997,2,1
14,2,430,.21000004,b,199702,110875,1997,2,1
14,3,430,.10000002,c,199702,110875,1997,2,1
14,4,430,.049999952,d,199702,110875,1997,2,1
14,5,430,.049999952,e,199702,110875,1997,2,1
14,6,430,.17000008,f,199702,110875,1997,2,1
14,7,430,.48000002,g,199702,110875,1997,2,1
14,8,430,1.25,m,199702,110875,1997,2,1
15,1,430,.88999999,a,199703,109998,1997,3,1
15,2,430,.21000004,b,199703,109998,1997,3,1
15,3,430,.10000002,c,199703,109998,1997,3,1
15,4,430,.049999952,d,199703,109998,1997,3,1
15,5,430,.049999952,e,199703,109998,1997,3,1
15,6,430,.18000007,f,199703,109998,1997,3,1
15,7,430,.51999998,g,199703,109998,1997,3,1
15,8,430,1.25,m,199703,109998,1997,3,1
16,1,430,.88999999,a,199704,113453,1997,4,2
16,2,430,.21000004,b,199704,113453,1997,4,2
16,3,430,.10000002,c,199704,113453,1997,4,2
16,4,430,.049999952,d,199704,113453,1997,4,2
16,5,430,.059999943,e,199704,113453,1997,4,2
16,6,430,.18000007,f,199704,113453,1997,4,2
16,7,430,.50999999,g,199704,113453,1997,4,2
16,8,430,1.25,m,199704,113453,1997,4,2
17,1,430,.88999999,a,199705,115925,1997,5,2
17,2,430,.21000004,b,199705,115925,1997,5,2
17,3,430,.10000002,c,199705,115925,1997,5,2
17,4,430,.049999952,d,199705,115925,1997,5,2
17,5,430,.090000033,e,199705,115925,1997,5,2
17,6,430,.15999997,f,199705,115925,1997,5,2
17,7,430,.5,g,199705,115925,1997,5,2
17,8,430,1.25,m,199705,115925,1997,5,2
18,1,430,.88999999,a,199706,117991,1997,6,2
18,2,430,.21000004,b,199706,117991,1997,6,2
18,3,430,.10000002,c,199706,117991,1997,6,2
18,4,430,.059999943,d,199706,117991,1997,6,2
18,5,430,.090000033,e,199706,117991,1997,6,2
18,6,430,.14999998,f,199706,117991,1997,6,2
18,7,430,.5,g,199706,117991,1997,6,2
18,8,430,1.26,m,199706,117991,1997,6,2
19,1,430,.89999998,a,199707,117097,1997,7,3
19,2,430,.20000005,b,199707,117097,1997,7,3
19,3,430,.10000002,c,199707,117097,1997,7,3
19,4,430,.079999924,d,199707,117097,1997,7,3
19,5,430,.070000052,e,199707,117097,1997,7,3
19,6,430,.14999998,f,199707,117097,1997,7,3
19,7,430,.5,g,199707,117097,1997,7,3
19,8,430,1.28,m,199707,117097,1997,7,3
20,1,430,.89999998,a,199708,116468,1997,8,3
20,2,430,.20000005,b,199708,116468,1997,8,3
20,3,430,.11000001,c,199708,116468,1997,8,3
20,4,430,.079999924,d,199708,116468,1997,8,3
20,5,430,.060000062,e,199708,116468,1997,8,3
20,6,430,.14999998,f,199708,116468,1997,8,3
20,7,430,.5,g,199708,116468,1997,8,3
20,8,430,1.29,m,199708,116468,1997,8,3
21,1,430,.89999998,a,199709,117493,1997,9,3
21,2,430,.20000005,b,199709,117493,1997,9,3
21,3,430,.11000001,c,199709,117493,1997,9,3
21,4,430,.079999924,d,199709,117493,1997,9,3
21,5,430,.060000062,e,199709,117493,1997,9,3
21,6,430,.14999998,f,199709,117493,1997,9,3
21,7,430,.5,g,199709,117493,1997,9,3
21,8,430,1.29,m,199709,117493,1997,9,3
22,1,430,.89999998,a,199710,116903,1997,10,4
22,2,430,.20000005,b,199710,116903,1997,10,4
22,3,430,.11000001,c,199710,116903,1997,10,4
22,4,430,.089999914,d,199710,116903,1997,10,4
22,5,430,.050000072,e,199710,116903,1997,10,4
22,6,430,.14999998,f,199710,116903,1997,10,4
22,7,430,.54999995,g,199710,116903,1997,10,4
22,8,430,1.3,m,199710,116903,1997,10,4
23,1,430,.89999998,a,199711,117466,1997,11,4
23,2,430,.20000005,b,199711,117466,1997,11,4
23,3,430,.11000001,c,199711,117466,1997,11,4
23,4,430,.089999914,d,199711,117466,1997,11,4
23,5,430,.050000072,e,199711,117466,1997,11,4
23,6,430,.14999998,f,199711,117466,1997,11,4
23,7,430,.54999995,g,199711,117466,1997,11,4
23,8,430,1.3,m,199711,117466,1997,11,4
24,1,430,.89999998,a,199712,117037,1997,12,4
24,2,430,.25,b,199712,117037,1997,12,4
24,3,430,.070000052,c,199712,117037,1997,12,4
24,4,430,.079999924,d,199712,117037,1997,12,4
24,5,430,.050000072,e,199712,117037,1997,12,4
24,6,430,.14999998,f,199712,117037,1997,12,4
24,7,430,.54999995,g,199712,117037,1997,12,4
24,8,430,1.3,m,199712,117037,1997,12,4
25,1,430,.89999998,a,199801,114963,1998,1,1
25,2,430,.25,b,199801,114963,1998,1,1
25,3,430,.10000002,c,199801,114963,1998,1,1
25,4,430,.049999952,d,199801,114963,1998,1,1
25,5,430,.070000052,e,199801,114963,1998,1,1
25,6,430,.13999999,f,199801,114963,1998,1,1
25,7,430,.53999996,g,199801,114963,1998,1,1
25,8,430,1.3,m,199801,114963,1998,1,1
26,1,430,.85000002,a,199802,103176,1998,2,1
26,2,430,.29999995,b,199802,103176,1998,2,1
26,3,430,.10000002,c,199802,103176,1998,2,1
26,4,430,.049999952,d,199802,103176,1998,2,1
26,5,430,.070000052,e,199802,103176,1998,2,1
26,6,430,.13,f,199802,103176,1998,2,1
26,7,430,.5,g,199802,103176,1998,2,1
26,8,430,1.3,m,199802,103176,1998,2,1
27,1,430,.85000002,a,199803,105534,1998,3,1
27,2,430,.29999995,b,199803,105534,1998,3,1
27,3,430,.10000002,c,199803,105534,1998,3,1
27,4,430,.049999952,d,199803,105534,1998,3,1
27,5,430,.080000043,e,199803,105534,1998,3,1
27,6,430,.12,f,199803,105534,1998,3,1
27,7,430,.5,g,199803,105534,1998,3,1
27,8,430,1.3,m,199803,105534,1998,3,1
28,1,430,.85000002,a,199804,107420,1998,4,2
28,2,430,.29999995,b,199804,107420,1998,4,2
28,3,430,.10000002,c,199804,107420,1998,4,2
28,4,430,.049999952,d,199804,107420,1998,4,2
28,5,430,.090000033,e,199804,107420,1998,4,2
28,6,430,.12,f,199804,107420,1998,4,2
28,7,430,.44000006,g,199804,107420,1998,4,2
28,8,430,1.3,m,199804,107420,1998,4,2
29,1,430,.85000002,a,199805,108996,1998,5,2
29,2,430,.29999995,b,199805,108996,1998,5,2
29,3,430,.10000002,c,199805,108996,1998,5,2
29,4,430,.049999952,d,199805,108996,1998,5,2
29,5,430,.10000002,e,199805,108996,1998,5,2
29,6,430,.13999999,f,199805,108996,1998,5,2
29,7,430,.46000004,g,199805,108996,1998,5,2
29,8,430,1.3,m,199805,108996,1998,5,2
30,1,430,.85000002,a,199806,111197,1998,6,2
30,2,430,.29999995,b,199806,111197,1998,6,2
30,3,430,.10000002,c,199806,111197,1998,6,2
30,4,430,.065000057,d,199806,111197,1998,6,2
30,5,430,.084999919,e,199806,111197,1998,6,2
30,6,430,.14499998,f,199806,111197,1998,6,2
30,7,430,.45500004,g,199806,111197,1998,6,2
30,8,430,1.3150001,m,199806,111197,1998,6,2
31,1,430,.69999999,a,199807,109358,1998,7,3
31,2,430,.44999999,b,199807,109358,1998,7,3
31,3,430,.10000002,c,199807,109358,1998,7,3
31,4,430,.070000052,d,199807,109358,1998,7,3
31,5,430,.079999924,e,199807,109358,1998,7,3
31,6,430,.14999998,f,199807,109358,1998,7,3
31,7,430,.45000005,g,199807,109358,1998,7,3
31,8,430,1.3200001,m,199807,109358,1998,7,3
32,1,430,.69999999,a,199808,107998,1998,8,3
32,2,430,.44999999,b,199808,107998,1998,8,3
32,3,430,.10000002,c,199808,107998,1998,8,3
32,4,430,.090000033,d,199808,107998,1998,8,3
32,5,430,.059999943,e,199808,107998,1998,8,3
32,6,430,.14999998,f,199808,107998,1998,8,3
32,7,430,.45000005,g,199808,107998,1998,8,3
32,8,430,1.34,m,199808,107998,1998,8,3
33,1,430,.69999999,a,199809,108945,1998,9,3
33,2,430,.44999999,b,199809,108945,1998,9,3
33,3,430,.10000002,c,199809,108945,1998,9,3
33,4,430,.090000033,d,199809,108945,1998,9,3
33,5,430,.059999943,e,199809,108945,1998,9,3
33,6,430,.14999998,f,199809,108945,1998,9,3
33,7,430,.5,g,199809,108945,1998,9,3
33,8,430,1.34,m,199809,108945,1998,9,3
34,1,430,.85000002,a,199810,108337,1998,10,4
34,2,430,.29999995,b,199810,108337,1998,10,4
34,3,430,.10000002,c,199810,108337,1998,10,4
34,4,430,.090000033,d,199810,108337,1998,10,4
34,5,430,.059999943,e,199810,108337,1998,10,4
34,6,430,.14999998,f,199810,108337,1998,10,4
34,7,430,.5,g,199810,108337,1998,10,4
34,8,430,1.34,m,199810,108337,1998,10,4
35,1,430,.85000002,a,199811,109957,1998,11,4
35,2,430,.29999995,b,199811,109957,1998,11,4
35,3,430,.10000002,c,199811,109957,1998,11,4
35,4,430,.10000002,d,199811,109957,1998,11,4
35,5,430,.054999948,e,199811,109957,1998,11,4
35,6,430,.14499998,f,199811,109957,1998,11,4
35,7,430,.45000005,g,199811,109957,1998,11,4
35,8,430,1.35,m,199811,109957,1998,11,4
36,1,430,.85000002,a,199812,109762,1998,12,4
36,2,430,.29999995,b,199812,109762,1998,12,4
36,3,430,.10000002,c,199812,109762,1998,12,4
36,4,430,.10000002,d,199812,109762,1998,12,4
36,5,430,.069999933,e,199812,109762,1998,12,4
36,6,430,.13,f,199812,109762,1998,12,4
36,7,430,.5,g,199812,109762,1998,12,4
36,8,430,1.35,m,199812,109762,1998,12,4
37,1,430,.85000002,a,199901,76743,1999,1,1
37,2,430,.29999995,b,199901,76743,1999,1,1
37,3,430,.10000002,c,199901,76743,1999,1,1
37,4,430,.10000002,d,199901,76743,1999,1,1
37,5,430,.079999924,e,199901,76743,1999,1,1
37,6,430,.12,f,199901,76743,1999,1,1
37,7,430,.5,g,199901,76743,1999,1,1
37,8,430,1.35,m,199901,76743,1999,1,1
38,1,430,.85000002,a,199902,103656,1999,2,1
38,2,430,.32999992,b,199902,103656,1999,2,1
38,3,430,.090000033,c,199902,103656,1999,2,1
38,4,430,.080000043,d,199902,103656,1999,2,1
38,5,430,.10000002,e,199902,103656,1999,2,1
38,6,430,.13999999,f,199902,103656,1999,2,1
38,7,430,.45999992,g,199902,103656,1999,2,1
38,8,430,1.35,m,199902,103656,1999,2,1
39,1,430,.85000002,a,199903,106008,1999,3,1
39,2,430,.35000002,b,199903,106008,1999,3,1
39,3,430,.079999924,c,199903,106008,1999,3,1
39,4,430,.070000052,d,199903,106008,1999,3,1
39,5,430,.10000002,e,199903,106008,1999,3,1
39,6,430,.14999998,f,199903,106008,1999,3,1
39,7,430,.44999993,g,199903,106008,1999,3,1
39,8,430,1.35,m,199903,106008,1999,3,1
40,1,430,.85000002,a,199904,107755,1999,4,2
40,2,430,.35000002,b,199904,107755,1999,4,2
40,3,430,.079999924,c,199904,107755,1999,4,2
40,4,430,.070000052,d,199904,107755,1999,4,2
40,5,430,.10000002,e,199904,107755,1999,4,2
40,6,430,.14999998,f,199904,107755,1999,4,2
40,7,430,.44999993,g,199904,107755,1999,4,2
40,8,430,1.35,m,199904,107755,1999,4,2
41,1,430,.85000002,a,199905,109333,1999,5,2
41,2,430,.35000002,b,199905,109333,1999,5,2
41,3,430,.099999905,c,199905,109333,1999,5,2
41,4,430,.070000052,d,199905,109333,1999,5,2
41,5,430,.080000043,e,199905,109333,1999,5,2
41,6,430,.14999998,f,199905,109333,1999,5,2
41,7,430,.44999993,g,199905,109333,1999,5,2
41,8,430,1.37,m,199905,109333,1999,5,2
42,1,430,.89999998,a,199906,110802,1999,6,2
42,2,430,.30000007,b,199906,110802,1999,6,2
42,3,430,.099999905,c,199906,110802,1999,6,2
42,4,430,.070000052,d,199906,110802,1999,6,2
42,5,430,.080000043,e,199906,110802,1999,6,2
42,6,430,.14999998,f,199906,110802,1999,6,2
42,7,430,.44999993,g,199906,110802,1999,6,2
42,8,430,1.37,m,199906,110802,1999,6,2
43,1,430,.89999998,a,199907,109821,1999,7,3
43,2,430,.30000007,b,199907,109821,1999,7,3
43,3,430,.099999905,c,199907,109821,1999,7,3
43,4,430,.090000033,d,199907,109821,1999,7,3
43,5,430,.070000052,e,199907,109821,1999,7,3
43,6,430,.13999999,f,199907,109821,1999,7,3
43,7,430,.44999993,g,199907,109821,1999,7,3
43,8,430,1.39,m,199907,109821,1999,7,3
44,1,430,.89999998,a,199908,107825,1999,8,3
44,2,430,.30000007,b,199908,107825,1999,8,3
44,3,430,.099999905,c,199908,107825,1999,8,3
44,4,430,.090000033,d,199908,107825,1999,8,3
44,5,430,.060000062,e,199908,107825,1999,8,3
44,6,430,.14999998,f,199908,107825,1999,8,3
44,7,430,.44999993,g,199908,107825,1999,8,3
44,8,430,1.39,m,199908,107825,1999,8,3
45,1,430,.89999998,a,199909,108168,1999,9,3
45,2,430,.30000007,b,199909,108168,1999,9,3
45,3,430,.099999905,c,199909,108168,1999,9,3
45,4,430,.10000002,d,199909,108168,1999,9,3
45,5,430,.070000052,e,199909,108168,1999,9,3
45,6,430,.13,f,199909,108168,1999,9,3
45,7,430,.44999993,g,199909,108168,1999,9,3
45,8,430,1.4,m,199909,108168,1999,9,3
46,1,430,.94999999,a,199910,108488,1999,10,4
46,2,430,.25000006,b,199910,108488,1999,10,4
46,3,430,.099999905,c,199910,108488,1999,10,4
46,4,430,.10000002,d,199910,108488,1999,10,4
46,5,430,.080000043,e,199910,108488,1999,10,4
46,6,430,.12,f,199910,108488,1999,10,4
46,7,430,.44999993,g,199910,108488,1999,10,4
46,8,430,1.4,m,199910,108488,1999,10,4
47,1,430,.89999998,a,199911,108831,1999,11,4
47,2,430,.30000007,b,199911,108831,1999,11,4
47,3,430,.099999905,c,199911,108831,1999,11,4
47,4,430,.10000002,d,199911,108831,1999,11,4
47,5,430,.080000043,e,199911,108831,1999,11,4
47,6,430,.13999999,f,199911,108831,1999,11,4
47,7,430,.42999995,g,199911,108831,1999,11,4
47,8,430,1.4,m,199911,108831,1999,11,4
48,1,430,.89999998,a,199912,110355,1999,12,4
48,2,430,.30000007,b,199912,110355,1999,12,4
48,3,430,.099999905,c,199912,110355,1999,12,4
48,4,430,.10000002,d,199912,110355,1999,12,4
48,5,430,.10000002,e,199912,110355,1999,12,4
48,6,430,.12,f,199912,110355,1999,12,4
48,7,430,.42999995,g,199912,110355,1999,12,4
48,8,430,1.4,m,199912,110355,1999,12,4
49,1,430,.89999998,a,200001,105726,2000,1,1
49,2,430,.30000007,b,200001,105726,2000,1,1
49,3,430,.099999905,c,200001,105726,2000,1,1
49,4,430,.10000002,d,200001,105726,2000,1,1
49,5,430,.10000002,e,200001,105726,2000,1,1
49,6,430,.14999998,f,200001,105726,2000,1,1
49,7,430,.60000002,g,200001,105726,2000,1,1
49,8,430,1.4,m,200001,105726,2000,1,1
50,1,430,.89999998,a,200002,99482,2000,2,1
50,2,430,.30000007,b,200002,99482,2000,2,1
50,3,430,.099999905,c,200002,99482,2000,2,1
50,4,430,.10000002,d,200002,99482,2000,2,1
50,5,430,.10000002,e,200002,99482,2000,2,1
50,6,430,.10000002,f,200002,99482,2000,2,1
50,7,430,.44999993,g,200002,99482,2000,2,1
50,8,430,1.4,m,200002,99482,2000,2,1
51,1,430,.89999998,a,200003,103483,2000,3,1
51,2,430,.30000007,b,200003,103483,2000,3,1
51,3,430,.099999905,c,200003,103483,2000,3,1
51,4,430,.10000002,d,200003,103483,2000,3,1
51,5,430,.10000002,e,200003,103483,2000,3,1
51,6,430,.14999998,f,200003,103483,2000,3,1
51,7,430,.39999998,g,200003,103483,2000,3,1
51,8,430,1.4,m,200003,103483,2000,3,1
52,1,430,.89999998,a,200004,105946,2000,4,2
52,2,430,.30000007,b,200004,105946,2000,4,2
52,3,430,.099999905,c,200004,105946,2000,4,2
52,4,430,.10000002,d,200004,105946,2000,4,2
52,5,430,.10000002,e,200004,105946,2000,4,2
52,6,430,.16499996,f,200004,105946,2000,4,2
52,7,430,.38499999,g,200004,105946,2000,4,2
52,8,430,1.4,m,200004,105946,2000,4,2
53,1,430,.89999998,a,200005,107291,2000,5,2
53,2,430,.30000007,b,200005,107291,2000,5,2
53,3,430,.099999905,c,200005,107291,2000,5,2
53,4,430,.10000002,d,200005,107291,2000,5,2
53,5,430,.10000002,e,200005,107291,2000,5,2
53,6,430,.14999998,f,200005,107291,2000,5,2
53,7,430,.39999998,g,200005,107291,2000,5,2
53,8,430,1.4,m,200005,107291,2000,5,2
54,1,430,.89999998,a,200006,106382,2000,6,2
54,2,430,.30000007,b,200006,106382,2000,6,2
54,3,430,.12,c,200006,106382,2000,6,2
54,4,430,.079999924,d,200006,106382,2000,6,2
54,5,430,.10000002,e,200006,106382,2000,6,2
54,6,430,.20000005,f,200006,106382,2000,6,2
54,7,430,.3499999,g,200006,106382,2000,6,2
54,8,430,1.4,m,200006,106382,2000,6,2
55,1,430,.89999998,a,200007,107181,2000,7,3
55,2,430,.30000007,b,200007,107181,2000,7,3
55,3,430,.12,c,200007,107181,2000,7,3
55,4,430,.079999924,d,200007,107181,2000,7,3
55,5,430,.10000002,e,200007,107181,2000,7,3
55,6,430,.20000005,f,200007,107181,2000,7,3
55,7,430,.3499999,g,200007,107181,2000,7,3
55,8,430,1.4,m,200007,107181,2000,7,3
56,1,430,.89999998,a,200008,104005,2000,8,3
56,2,430,.30000007,b,200008,104005,2000,8,3
56,3,430,.1099999,c,200008,104005,2000,8,3
56,4,430,.090000033,d,200008,104005,2000,8,3
56,5,430,.10000002,e,200008,104005,2000,8,3
56,6,430,.20000005,f,200008,104005,2000,8,3
56,7,430,.3499999,g,200008,104005,2000,8,3
56,8,430,1.4,m,200008,104005,2000,8,3
57,1,430,.89999998,a,200009,104244,2000,9,3
57,2,430,.30000007,b,200009,104244,2000,9,3
57,3,430,.13999999,c,200009,104244,2000,9,3
57,4,430,.079999924,d,200009,104244,2000,9,3
57,5,430,.080000043,e,200009,104244,2000,9,3
57,6,430,.20000005,f,200009,104244,2000,9,3
57,7,430,.3499999,g,200009,104244,2000,9,3
57,8,430,1.42,m,200009,104244,2000,9,3
58,1,430,.89999998,a,200010,105201,2000,10,4
58,2,430,.30000007,b,200010,105201,2000,10,4
58,3,430,.13999999,c,200010,105201,2000,10,4
58,4,430,.079999924,d,200010,105201,2000,10,4
58,5,430,.080000043,e,200010,105201,2000,10,4
58,6,430,.20000005,f,200010,105201,2000,10,4
58,7,430,.3499999,g,200010,105201,2000,10,4
58,8,430,1.42,m,200010,105201,2000,10,4
59,1,430,.94999999,a,200011,105619,2000,11,4
59,2,430,.25000006,b,200011,105619,2000,11,4
59,3,430,.14999998,c,200011,105619,2000,11,4
59,4,430,.069999933,d,200011,105619,2000,11,4
59,5,430,.080000043,e,200011,105619,2000,11,4
59,6,430,.20000005,f,200011,105619,2000,11,4
59,7,430,.3499999,g,200011,105619,2000,11,4
59,8,430,1.42,m,200011,105619,2000,11,4
60,1,430,.94999999,a,200012,106011,2000,12,4
60,2,430,.25000006,b,200012,106011,2000,12,4
60,3,430,.14999998,c,200012,106011,2000,12,4
60,4,430,.10000002,d,200012,106011,2000,12,4
60,5,430,.049999952,e,200012,106011,2000,12,4
60,6,430,.20000005,f,200012,106011,2000,12,4
60,7,430,.45000005,g,200012,106011,2000,12,4
60,8,430,1.45,m,200012,106011,2000,12,4
61,1,430,.94999999,a,200101,102384,2001,1,1
61,2,430,.25000006,b,200101,102384,2001,1,1
61,3,430,.14999998,c,200101,102384,2001,1,1
61,4,430,.10000002,d,200101,102384,2001,1,1
61,5,430,.069999933,e,200101,102384,2001,1,1
61,6,430,.18000007,f,200101,102384,2001,1,1
61,7,430,.45000005,g,200101,102384,2001,1,1
61,8,430,1.45,m,200101,102384,2001,1,1
62,1,430,.94999999,a,200102,103847,2001,2,1
62,2,430,.25000006,b,200102,103847,2001,2,1
62,3,430,.14999998,c,200102,103847,2001,2,1
62,4,430,.10000002,d,200102,103847,2001,2,1
62,5,430,.069999933,e,200102,103847,2001,2,1
62,6,430,.18000007,f,200102,103847,2001,2,1
62,7,430,.45000005,g,200102,103847,2001,2,1
62,8,430,1.45,m,200102,103847,2001,2,1
63,1,430,.94999999,a,200103,104547,2001,3,1
63,2,430,.25000006,b,200103,104547,2001,3,1
63,3,430,.14999998,c,200103,104547,2001,3,1
63,4,430,.10000002,d,200103,104547,2001,3,1
63,5,430,.069999933,e,200103,104547,2001,3,1
63,6,430,.23000002,f,200103,104547,2001,3,1
63,7,430,.4000001,g,200103,104547,2001,3,1
63,8,430,1.45,m,200103,104547,2001,3,1
64,1,430,.94999999,a,200104,105630,2001,4,2
64,2,430,.27000004,b,200104,105630,2001,4,2
64,3,430,.13,c,200104,105630,2001,4,2
64,4,430,.10000002,d,200104,105630,2001,4,2
64,5,430,.099999905,e,200104,105630,2001,4,2
64,6,430,.20000005,f,200104,105630,2001,4,2
64,7,430,.4000001,g,200104,105630,2001,4,2
64,8,430,1.45,m,200104,105630,2001,4,2
65,1,430,.94999999,a,200105,107923,2001,5,2
65,2,430,.30000001,b,200105,107923,2001,5,2
65,3,430,.11000001,c,200105,107923,2001,5,2
65,4,430,.090000033,d,200105,107923,2001,5,2
65,5,430,.099999905,e,200105,107923,2001,5,2
65,6,430,.20000005,f,200105,107923,2001,5,2
65,7,430,.45000005,g,200105,107923,2001,5,2
65,8,430,1.45,m,200105,107923,2001,5,2
66,1,430,.94999999,a,200106,109466,2001,6,2
66,2,430,.27000004,b,200106,109466,2001,6,2
66,3,430,.13,c,200106,109466,2001,6,2
66,4,430,.10000002,d,200106,109466,2001,6,2
66,5,430,.099999905,e,200106,109466,2001,6,2
66,6,430,.25,f,200106,109466,2001,6,2
66,7,430,.4000001,g,200106,109466,2001,6,2
66,8,430,1.45,m,200106,109466,2001,6,2
67,1,430,.94999999,a,200107,108429,2001,7,3
67,2,430,.30000001,b,200107,108429,2001,7,3
67,3,430,.11000001,c,200107,108429,2001,7,3
67,4,430,.090000033,d,200107,108429,2001,7,3
67,5,430,.099999905,e,200107,108429,2001,7,3
67,6,430,.25,f,200107,108429,2001,7,3
67,7,430,.5,g,200107,108429,2001,7,3
67,8,430,1.45,m,200107,108429,2001,7,3
68,1,430,.94999999,a,200108,106824,2001,8,3
68,2,430,.30000001,b,200108,106824,2001,8,3
68,3,430,.13,c,200108,106824,2001,8,3
68,4,430,.090000033,d,200108,106824,2001,8,3
68,5,430,.079999924,e,200108,106824,2001,8,3
68,6,430,.25,f,200108,106824,2001,8,3
68,7,430,.5,g,200108,106824,2001,8,3
68,8,430,1.47,m,200108,106824,2001,8,3
69,1,430,.94999999,a,200109,105559,2001,9,3
69,2,430,.30000001,b,200109,105559,2001,9,3
69,3,430,.14999998,c,200109,105559,2001,9,3
69,4,430,.10000002,d,200109,105559,2001,9,3
69,5,430,.10000002,e,200109,105559,2001,9,3
69,6,430,.19999993,f,200109,105559,2001,9,3
69,7,430,.49000001,g,200109,105559,2001,9,3
69,8,430,1.5,m,200109,105559,2001,9,3
70,1,430,.94999999,a,200110,106797,2001,10,4
70,2,430,.30000001,b,200110,106797,2001,10,4
70,3,430,.14999998,c,200110,106797,2001,10,4
70,4,430,.10000002,d,200110,106797,2001,10,4
70,5,430,.10000002,e,200110,106797,2001,10,4
70,6,430,.19999993,f,200110,106797,2001,10,4
70,7,430,.5,g,200110,106797,2001,10,4
70,8,430,1.5,m,200110,106797,2001,10,4
71,1,430,.94999999,a,200111,107492,2001,11,4
71,2,430,.30000001,b,200111,107492,2001,11,4
71,3,430,.14999998,c,200111,107492,2001,11,4
71,4,430,.10000002,d,200111,107492,2001,11,4
71,5,430,.10000002,e,200111,107492,2001,11,4
71,6,430,.19999993,f,200111,107492,2001,11,4
71,7,430,.5,g,200111,107492,2001,11,4
71,8,430,1.5,m,200111,107492,2001,11,4
72,1,430,.94999999,a,200112,106558,2001,12,4
72,2,430,.30000001,b,200112,106558,2001,12,4
72,3,430,.14999998,c,200112,106558,2001,12,4
72,4,430,.10000002,d,200112,106558,2001,12,4
72,5,430,.10000002,e,200112,106558,2001,12,4
72,6,430,.19999993,f,200112,106558,2001,12,4
72,7,430,.5,g,200112,106558,2001,12,4
72,8,430,1.5,m,200112,106558,2001,12,4
73,1,430,.94999999,a,200201,104218,2002,1,1
73,2,430,.30000001,b,200201,104218,2002,1,1
73,3,430,.14999998,c,200201,104218,2002,1,1
73,4,430,.10000002,d,200201,104218,2002,1,1
73,5,430,.10000002,e,200201,104218,2002,1,1
73,6,430,.19999993,f,200201,104218,2002,1,1
73,7,430,.5,g,200201,104218,2002,1,1
73,8,430,1.5,m,200201,104218,2002,1,1
74,1,430,.86000001,a,200202,101940,2002,2,1
74,2,430,.38999999,b,200202,101940,2002,2,1
74,3,430,.14999998,c,200202,101940,2002,2,1
74,4,430,.10000002,d,200202,101940,2002,2,1
74,5,430,.10000002,e,200202,101940,2002,2,1
74,6,430,.19999993,f,200202,101940,2002,2,1
74,7,430,.70000005,g,200202,101940,2002,2,1
74,8,430,1.5,m,200202,101940,2002,2,1
75,1,430,.97000003,a,200203,104476,2002,3,1
75,2,430,.27999997,b,200203,104476,2002,3,1
75,3,430,.14999998,c,200203,104476,2002,3,1
75,4,430,.10000002,d,200203,104476,2002,3,1
75,5,430,.10000002,e,200203,104476,2002,3,1
75,6,430,.19999993,f,200203,104476,2002,3,1
75,7,430,.70000005,g,200203,104476,2002,3,1
75,8,430,1.5,m,200203,104476,2002,3,1
76,1,430,.98000002,a,200204,104045,2002,4,2
76,2,430,.26999998,b,200204,104045,2002,4,2
76,3,430,.14999998,c,200204,104045,2002,4,2
76,4,430,.10000002,d,200204,104045,2002,4,2
76,5,430,.14999998,e,200204,104045,2002,4,2
76,6,430,.20000005,f,200204,104045,2002,4,2
76,7,430,.64999998,g,200204,104045,2002,4,2
76,8,430,1.5,m,200204,104045,2002,4,2
77,1,430,.98000002,a,200205,106495,2002,5,2
77,2,430,.26999998,b,200205,106495,2002,5,2
77,3,430,.14999998,c,200205,106495,2002,5,2
77,4,430,.10000002,d,200205,106495,2002,5,2
77,5,430,.14999998,e,200205,106495,2002,5,2
77,6,430,.25,f,200205,106495,2002,5,2
77,7,430,.69999993,g,200205,106495,2002,5,2
77,8,430,1.5,m,200205,106495,2002,5,2
78,1,430,.98000002,a,200206,106812,2002,6,2
78,2,430,.31999993,b,200206,106812,2002,6,2
78,3,430,.10000002,c,200206,106812,2002,6,2
78,4,430,.13,d,200206,106812,2002,6,2
78,5,430,.12,e,200206,106812,2002,6,2
78,6,430,.20000005,f,200206,106812,2002,6,2
78,7,430,.64999998,g,200206,106812,2002,6,2
78,8,430,1.53,m,200206,106812,2002,6,2
79,1,430,.98000002,a,200207,106477,2002,7,3
79,2,430,.31999993,b,200207,106477,2002,7,3
79,3,430,.10000002,c,200207,106477,2002,7,3
79,4,430,.13999999,d,200207,106477,2002,7,3
79,5,430,.11000001,e,200207,106477,2002,7,3
79,6,430,.20000005,f,200207,106477,2002,7,3
79,7,430,.64999998,g,200207,106477,2002,7,3
79,8,430,1.54,m,200207,106477,2002,7,3
80,1,430,.98000002,a,200208,104885,2002,8,3
80,2,430,.31999993,b,200208,104885,2002,8,3
80,3,430,.10000002,c,200208,104885,2002,8,3
80,4,430,.14999998,d,200208,104885,2002,8,3
80,5,430,.11000001,e,200208,104885,2002,8,3
80,6,430,.24000001,f,200208,104885,2002,8,3
80,7,430,.60000002,g,200208,104885,2002,8,3
80,8,430,1.55,m,200208,104885,2002,8,3
81,1,430,.98000002,a,200209,103857,2002,9,3
81,2,430,.31999993,b,200209,103857,2002,9,3
81,3,430,.10000002,c,200209,103857,2002,9,3
81,4,430,.14999998,d,200209,103857,2002,9,3
81,5,430,.13,e,200209,103857,2002,9,3
81,6,430,.22000003,f,200209,103857,2002,9,3
81,7,430,.89999998,g,200209,103857,2002,9,3
81,8,430,1.55,m,200209,103857,2002,9,3
82,1,430,.98000002,a,200210,105386,2002,10,4
82,2,430,.31999993,b,200210,105386,2002,10,4
82,3,430,.1500001,c,200210,105386,2002,10,4
82,4,430,.099999905,d,200210,105386,2002,10,4
82,5,430,.1500001,e,200210,105386,2002,10,4
82,6,430,.19999993,f,200210,105386,2002,10,4
82,7,430,.89999998,g,200210,105386,2002,10,4
82,8,430,1.55,m,200210,105386,2002,10,4
83,1,430,.98000002,a,200211,106027,2002,11,4
83,2,430,.31999993,b,200211,106027,2002,11,4
83,3,430,.1500001,c,200211,106027,2002,11,4
83,4,430,.099999905,d,200211,106027,2002,11,4
83,5,430,.1500001,e,200211,106027,2002,11,4
83,6,430,.19999993,f,200211,106027,2002,11,4
83,7,430,.89999998,g,200211,106027,2002,11,4
83,8,430,1.55,m,200211,106027,2002,11,4
84,1,430,1,a,200212,105941,2002,12,4
84,2,430,.29999995,b,200212,105941,2002,12,4
84,3,430,.1500001,c,200212,105941,2002,12,4
84,4,430,.099999905,d,200212,105941,2002,12,4
84,5,430,.1500001,e,200212,105941,2002,12,4
84,6,430,.19999993,f,200212,105941,2002,12,4
84,7,430,.89999998,g,200212,105941,2002,12,4
84,8,430,1.55,m,200212,105941,2002,12,4
85,1,430,1,a,200301,103569,2003,1,1
85,2,430,.29999995,b,200301,103569,2003,1,1
85,3,430,.1500001,c,200301,103569,2003,1,1
85,4,430,.12,d,200301,103569,2003,1,1
85,5,430,.13,e,200301,103569,2003,1,1
85,6,430,.19999993,f,200301,103569,2003,1,1
85,7,430,.89999998,g,200301,103569,2003,1,1
85,8,430,1.5700001,m,200301,103569,2003,1,1
86,1,430,1,a,200302,106331,2003,2,1
86,2,430,.29999995,b,200302,106331,2003,2,1
86,3,430,.1500001,c,200302,106331,2003,2,1
86,4,430,.13,d,200302,106331,2003,2,1
86,5,430,.16999996,e,200302,106331,2003,2,1
86,6,430,.20000005,f,200302,106331,2003,2,1
86,7,430,1,g,200302,106331,2003,2,1
86,8,430,1.58,m,200302,106331,2003,2,1
87,1,430,1,a,200303,107045,2003,3,1
87,2,430,.29999995,b,200303,107045,2003,3,1
87,3,430,.20000005,c,200303,107045,2003,3,1
87,4,430,.10000002,d,200303,107045,2003,3,1
87,5,430,.14999998,e,200303,107045,2003,3,1
87,6,430,.20000005,f,200303,107045,2003,3,1
87,7,430,1,g,200303,107045,2003,3,1
87,8,430,1.6,m,200303,107045,2003,3,1
88,1,430,1,a,200304,96095,2003,4,2
88,2,430,.29999995,b,200304,96095,2003,4,2
88,3,430,.20000005,c,200304,96095,2003,4,2
88,4,430,.10000002,d,200304,96095,2003,4,2
88,5,430,.14999998,e,200304,96095,2003,4,2
88,6,430,.25,f,200304,96095,2003,4,2
88,7,430,.95000005,g,200304,96095,2003,4,2
88,8,430,1.6,m,200304,96095,2003,4,2
89,1,430,.80000001,a,200305,99228,2003,5,2
89,2,430,.55000001,b,200305,99228,2003,5,2
89,3,430,.14999998,c,200305,99228,2003,5,2
89,4,430,.10000002,d,200305,99228,2003,5,2
89,5,430,.14999998,e,200305,99228,2003,5,2
89,6,430,.25,f,200305,99228,2003,5,2
89,7,430,.95000005,g,200305,99228,2003,5,2
89,8,430,1.6,m,200305,99228,2003,5,2
90,1,430,.80000001,a,200306,100749,2003,6,2
90,2,430,.53500003,b,200306,100749,2003,6,2
90,3,430,.16499996,c,200306,100749,2003,6,2
90,4,430,.10000002,d,200306,100749,2003,6,2
90,5,430,.14999998,e,200306,100749,2003,6,2
90,6,430,.25,f,200306,100749,2003,6,2
90,7,430,.95000005,g,200306,100749,2003,6,2
90,8,430,1.6,m,200306,100749,2003,6,2
91,1,430,.80000001,a,200307,101114,2003,7,3
91,2,430,.49999994,b,200307,101114,2003,7,3
91,3,430,.20000005,c,200307,101114,2003,7,3
91,4,430,.14999998,d,200307,101114,2003,7,3
91,5,430,.10000002,e,200307,101114,2003,7,3
91,6,430,.25,f,200307,101114,2003,7,3
91,7,430,.95000005,g,200307,101114,2003,7,3
91,8,430,1.65,m,200307,101114,2003,7,3
92,1,430,.5,a,200308,100393,2003,8,3
92,2,430,.79999995,b,200308,100393,2003,8,3
92,3,430,.20000005,c,200308,100393,2003,8,3
92,4,430,.13,d,200308,100393,2003,8,3
92,5,430,.12,e,200308,100393,2003,8,3
92,6,430,.25,f,200308,100393,2003,8,3
92,7,430,.95000005,g,200308,100393,2003,8,3
92,8,430,1.63,m,200308,100393,2003,8,3
93,1,430,.5,a,200309,101312,2003,9,3
93,2,430,.82000005,b,200309,101312,2003,9,3
93,3,430,.17999995,c,200309,101312,2003,9,3
93,4,430,.13,d,200309,101312,2003,9,3
93,5,430,.14999998,e,200309,101312,2003,9,3
93,6,430,.22000003,f,200309,101312,2003,9,3
93,7,430,.95000005,g,200309,101312,2003,9,3
93,8,430,1.63,m,200309,101312,2003,9,3
94,1,430,.5,a,200310,104409,2003,10,4
94,2,430,.85000002,b,200310,104409,2003,10,4
94,3,430,.14999998,c,200310,104409,2003,10,4
94,4,430,.14999998,d,200310,104409,2003,10,4
94,5,430,.14999998,e,200310,104409,2003,10,4
94,6,430,.20000005,f,200310,104409,2003,10,4
94,7,430,.95000005,g,200310,104409,2003,10,4
94,8,430,1.65,m,200310,104409,2003,10,4
95,1,430,.5,a,200311,108969,2003,11,4
95,2,430,.85000002,b,200311,108969,2003,11,4
95,3,430,.14999998,c,200311,108969,2003,11,4
95,4,430,.14999998,d,200311,108969,2003,11,4
95,5,430,.14999998,e,200311,108969,2003,11,4
95,6,430,.20000005,f,200311,108969,2003,11,4
95,7,430,.95000005,g,200311,108969,2003,11,4
95,8,430,1.65,m,200311,108969,2003,11,4
96,1,430,.5,a,200312,109913,2003,12,4
96,2,430,.85000002,b,200312,109913,2003,12,4
96,3,430,.14999998,c,200312,109913,2003,12,4
96,4,430,.14999998,d,200312,109913,2003,12,4
96,5,430,.14999998,e,200312,109913,2003,12,4
96,6,430,.20000005,f,200312,109913,2003,12,4
96,7,430,.95000005,g,200312,109913,2003,12,4
96,8,430,1.65,m,200312,109913,2003,12,4
97,1,430,.5,a,200401,107809,2004,1,1
97,2,430,.85000002,b,200401,107809,2004,1,1
97,3,430,.14999998,c,200401,107809,2004,1,1
97,4,430,.14999998,d,200401,107809,2004,1,1
97,5,430,.14999998,e,200401,107809,2004,1,1
97,6,430,.20000005,f,200401,107809,2004,1,1
97,7,430,.95000005,g,200401,107809,2004,1,1
97,8,430,1.65,m,200401,107809,2004,1,1
98,1,430,.5,a,200402,103284,2004,2,1
98,2,430,.85000002,b,200402,103284,2004,2,1
98,3,430,.15999997,c,200402,103284,2004,2,1
98,4,430,.13999999,d,200402,103284,2004,2,1
98,5,430,.14999998,e,200402,103284,2004,2,1
98,6,430,.25,f,200402,103284,2004,2,1
98,7,430,.9000001,g,200402,103284,2004,2,1
98,8,430,1.65,m,200402,103284,2004,2,1
99,1,430,.5,a,200403,104888,2004,3,1
99,2,430,.85000002,b,200403,104888,2004,3,1
99,3,430,.17999995,c,200403,104888,2004,3,1
99,4,430,.16000009,d,200403,104888,2004,3,1
99,5,430,.1099999,e,200403,104888,2004,3,1
99,6,430,.25,f,200403,104888,2004,3,1
99,7,430,.9000001,g,200403,104888,2004,3,1
99,8,430,1.6900001,m,200403,104888,2004,3,1
100,1,430,.75,a,200404,105398,2004,4,2
100,2,430,.60000002,b,200404,105398,2004,4,2
100,3,430,.19999993,c,200404,105398,2004,4,2
100,4,430,.1400001,d,200404,105398,2004,4,2
100,5,430,.15999997,e,200404,105398,2004,4,2
100,6,430,.24999988,f,200404,105398,2004,4,2
100,7,430,.85000014,g,200404,105398,2004,4,2
100,8,430,1.6900001,m,200404,105398,2004,4,2
101,1,430,1,a,200405,107212,2004,5,2
101,2,430,.35000002,b,200405,107212,2004,5,2
101,3,430,.19999993,c,200405,107212,2004,5,2
101,4,430,.1400001,d,200405,107212,2004,5,2
101,5,430,.13,e,200405,107212,2004,5,2
101,6,430,.25499976,f,200405,107212,2004,5,2
101,7,430,.87500024,g,200405,107212,2004,5,2
101,8,430,1.6900001,m,200405,107212,2004,5,2
102,1,430,1,a,200406,107670,2004,6,2
102,2,430,.35000002,b,200406,107670,2004,6,2
102,3,430,.19999993,c,200406,107670,2004,6,2
102,4,430,.1500001,d,200406,107670,2004,6,2
102,5,430,.12,e,200406,107670,2004,6,2
102,6,430,.2299999,f,200406,107670,2004,6,2
102,7,430,.9000001,g,200406,107670,2004,6,2
102,8,430,1.7,m,200406,107670,2004,6,2
103,1,430,1,a,200407,106775,2004,7,3
103,2,430,.35000002,b,200407,106775,2004,7,3
103,3,430,.19999993,c,200407,106775,2004,7,3
103,4,430,.1500001,d,200407,106775,2004,7,3
103,5,430,.12,e,200407,106775,2004,7,3
103,6,430,.27999985,f,200407,106775,2004,7,3
103,7,430,.85000014,g,200407,106775,2004,7,3
103,8,430,1.7,m,200407,106775,2004,7,3
104,1,430,1,a,200408,104966,2004,8,3
104,2,430,.35000002,b,200408,104966,2004,8,3
104,3,430,.19999993,c,200408,104966,2004,8,3
104,4,430,.1500001,d,200408,104966,2004,8,3
104,5,430,.14999998,e,200408,104966,2004,8,3
104,6,430,.24999988,f,200408,104966,2004,8,3
104,7,430,.85000014,g,200408,104966,2004,8,3
104,8,430,1.7,m,200408,104966,2004,8,3
105,1,430,.99000001,a,200409,104090,2004,9,3
105,2,430,.36000001,b,200409,104090,2004,9,3
105,3,430,.19999993,c,200409,104090,2004,9,3
105,4,430,.1500001,d,200409,104090,2004,9,3
105,5,430,.14999998,e,200409,104090,2004,9,3
105,6,430,.24999988,f,200409,104090,2004,9,3
105,7,430,.85000014,g,200409,104090,2004,9,3
105,8,430,1.7,m,200409,104090,2004,9,3
106,1,430,.99000001,a,200410,105391,2004,10,4
106,2,430,.36000001,b,200410,105391,2004,10,4
106,3,430,.19999993,c,200410,105391,2004,10,4
106,4,430,.1500001,d,200410,105391,2004,10,4
106,5,430,.14999998,e,200410,105391,2004,10,4
106,6,430,.24999988,f,200410,105391,2004,10,4
106,7,430,.85000014,g,200410,105391,2004,10,4
106,8,430,1.7,m,200410,105391,2004,10,4
107,1,430,.99000001,a,200411,106433,2004,11,4
107,2,430,.36000001,b,200411,106433,2004,11,4
107,3,430,.19999993,c,200411,106433,2004,11,4
107,4,430,.1500001,d,200411,106433,2004,11,4
107,5,430,.14999998,e,200411,106433,2004,11,4
107,6,430,.24999988,f,200411,106433,2004,11,4
107,7,430,1.1000001,g,200411,106433,2004,11,4
107,8,430,1.7,m,200411,106433,2004,11,4
108,1,430,.99000001,a,200412,106723,2004,12,4
108,2,430,.36000001,b,200412,106723,2004,12,4
108,3,430,.19999993,c,200412,106723,2004,12,4
108,4,430,.1500001,d,200412,106723,2004,12,4
108,5,430,.14999998,e,200412,106723,2004,12,4
108,6,430,.24999988,f,200412,106723,2004,12,4
108,7,430,.85000014,g,200412,106723,2004,12,4
108,8,430,1.7,m,200412,106723,2004,12,4
109,1,430,.99000001,a,200501,103549,2005,1,1
109,2,430,.36000001,b,200501,103549,2005,1,1
109,3,430,.19999993,c,200501,103549,2005,1,1
109,4,430,.1500001,d,200501,103549,2005,1,1
109,5,430,.14999998,e,200501,103549,2005,1,1
109,6,430,.24999988,f,200501,103549,2005,1,1
109,7,430,.85000014,g,200501,103549,2005,1,1
109,8,430,1.7,m,200501,103549,2005,1,1
110,1,430,1,a,200502,108661,2005,2,1
110,2,430,.35000002,b,200502,108661,2005,2,1
110,3,430,.19999993,c,200502,108661,2005,2,1
110,4,430,.1500001,d,200502,108661,2005,2,1
110,5,430,.14999998,e,200502,108661,2005,2,1
110,6,430,.24999988,f,200502,108661,2005,2,1
110,7,430,.85000014,g,200502,108661,2005,2,1
110,8,430,1.7,m,200502,108661,2005,2,1
111,1,430,1,a,200503,109015,2005,3,1
111,2,430,.35000002,b,200503,109015,2005,3,1
111,3,430,.19999993,c,200503,109015,2005,3,1
111,4,430,.1500001,d,200503,109015,2005,3,1
111,5,430,.14999998,e,200503,109015,2005,3,1
111,6,430,.24999988,f,200503,109015,2005,3,1
111,7,430,.85000014,g,200503,109015,2005,3,1
111,8,430,1.7,m,200503,109015,2005,3,1
112,1,430,1,a,200504,111991,2005,4,2
112,2,430,.29999995,b,200504,111991,2005,4,2
112,3,430,.28000009,c,200504,111991,2005,4,2
112,4,430,.15999997,d,200504,111991,2005,4,2
112,5,430,.15999997,e,200504,111991,2005,4,2
112,6,430,.19999993,f,200504,111991,2005,4,2
112,7,430,1.4000001,g,200504,111991,2005,4,2
112,8,430,1.74,m,200504,111991,2005,4,2
113,1,430,1.2,a,200505,110302,2005,5,2
113,2,430,.17999995,b,200505,110302,2005,5,2
113,3,430,.16999996,c,200505,110302,2005,5,2
113,4,430,.1500001,d,200505,110302,2005,5,2
113,5,430,.099999905,e,200505,110302,2005,5,2
113,6,430,.20000005,f,200505,110302,2005,5,2
113,7,430,.25,g,200505,110302,2005,5,2
113,8,430,1.7,m,200505,110302,2005,5,2
114,1,430,1,a,200506,114020,2005,6,2
114,2,430,.31999993,b,200506,114020,2005,6,2
114,3,430,.2650001,c,200506,114020,2005,6,2
114,4,430,.15999997,d,200506,114020,2005,6,2
114,5,430,.15499997,e,200506,114020,2005,6,2
114,6,430,.19999993,f,200506,114020,2005,6,2
114,7,430,1.4000001,g,200506,114020,2005,6,2
114,8,430,1.745,m,200506,114020,2005,6,2
115,1,430,1,a,200507,112592,2005,7,3
115,2,430,.33000004,b,200507,112592,2005,7,3
115,3,430,.26999998,c,200507,112592,2005,7,3
115,4,430,.14999998,d,200507,112592,2005,7,3
115,5,430,.14999998,e,200507,112592,2005,7,3
115,6,430,.19999993,f,200507,112592,2005,7,3
115,7,430,1.4000001,g,200507,112592,2005,7,3
115,8,430,1.75,m,200507,112592,2005,7,3
116,1,430,1,a,200508,111692,2005,8,3
116,2,430,.35000002,b,200508,111692,2005,8,3
116,3,430,.24000001,c,200508,111692,2005,8,3
116,4,430,.15999997,d,200508,111692,2005,8,3
116,5,430,.14999998,e,200508,111692,2005,8,3
116,6,430,.19999993,f,200508,111692,2005,8,3
116,7,430,1.4000001,g,200508,111692,2005,8,3
116,8,430,1.75,m,200508,111692,2005,8,3
117,1,430,1,a,200509,111327,2005,9,3
117,2,430,.35000002,b,200509,111327,2005,9,3
117,3,430,.24000001,c,200509,111327,2005,9,3
117,4,430,.15999997,d,200509,111327,2005,9,3
117,5,430,.14999998,e,200509,111327,2005,9,3
117,6,430,.19999993,f,200509,111327,2005,9,3
117,7,430,1.4000001,g,200509,111327,2005,9,3
117,8,430,1.75,m,200509,111327,2005,9,3
118,1,430,1,a,200510,108418,2005,10,4
118,2,430,.35000002,b,200510,108418,2005,10,4
118,3,430,.24000001,c,200510,108418,2005,10,4
118,4,430,.15999997,d,200510,108418,2005,10,4
118,5,430,.14999998,e,200510,108418,2005,10,4
118,6,430,.19999993,f,200510,108418,2005,10,4
118,7,430,1.4000001,g,200510,108418,2005,10,4
118,8,430,1.75,m,200510,108418,2005,10,4
119,1,430,1,a,200511,104461,2005,11,4
119,2,430,.35000002,b,200511,104461,2005,11,4
119,3,430,.25,c,200511,104461,2005,11,4
119,4,430,.14999998,d,200511,104461,2005,11,4
119,5,430,.14999998,e,200511,104461,2005,11,4
119,6,430,.19999993,f,200511,104461,2005,11,4
119,7,430,1.4000001,g,200511,104461,2005,11,4
119,8,430,1.75,m,200511,104461,2005,11,4
120,1,430,1,a,200512,109002,2005,12,4
120,2,430,.35000002,b,200512,109002,2005,12,4
120,3,430,.25,c,200512,109002,2005,12,4
120,4,430,.14999998,d,200512,109002,2005,12,4
120,5,430,.14999998,e,200512,109002,2005,12,4
120,6,430,.19999993,f,200512,109002,2005,12,4
120,7,430,1.4000001,g,200512,109002,2005,12,4
120,8,430,1.75,m,200512,109002,2005,12,4
121,1,430,1,a,200601,104549,2006,1,1
121,2,430,.35000002,b,200601,104549,2006,1,1
121,3,430,.25,c,200601,104549,2006,1,1
121,4,430,.14999998,d,200601,104549,2006,1,1
121,5,430,.14999998,e,200601,104549,2006,1,1
121,6,430,.25000012,f,200601,104549,2006,1,1
121,7,430,1.3499999,g,200601,104549,2006,1,1
121,8,430,1.75,m,200601,104549,2006,1,1
122,1,430,.94999999,a,200602,99725,2006,2,1
122,2,430,.40000004,b,200602,99725,2006,2,1
122,3,430,.24000001,c,200602,99725,2006,2,1
122,4,430,.15999997,d,200602,99725,2006,2,1
122,5,430,.14999998,e,200602,99725,2006,2,1
122,6,430,.30000007,f,200602,99725,2006,2,1
122,7,430,1.3,g,200602,99725,2006,2,1
122,8,430,1.75,m,200602,99725,2006,2,1
123,1,430,.94999999,a,200603,103156,2006,3,1
123,2,430,.40500003,b,200603,103156,2006,3,1
123,3,430,.245,c,200603,103156,2006,3,1
123,4,430,.15999997,d,200603,103156,2006,3,1
123,5,430,.13999999,e,200603,103156,2006,3,1
123,6,430,.30000007,f,200603,103156,2006,3,1
123,7,430,1.3,g,200603,103156,2006,3,1
123,8,430,1.76,m,200603,103156,2006,3,1
124,1,430,.94999999,a,200604,106812,2006,4,2
124,2,430,.44999999,b,200604,106812,2006,4,2
124,3,430,.20000005,c,200604,106812,2006,4,2
124,4,430,.17999995,d,200604,106812,2006,4,2
124,5,430,.12,e,200604,106812,2006,4,2
124,6,430,.30000007,f,200604,106812,2006,4,2
124,7,430,1.2,g,200604,106812,2006,4,2
124,8,430,1.78,m,200604,106812,2006,4,2
125,1,430,1,a,200605,108529,2006,5,2
125,2,430,.39999998,b,200605,108529,2006,5,2
125,3,430,.20000005,c,200605,108529,2006,5,2
125,4,430,.19999993,d,200605,108529,2006,5,2
125,5,430,.1500001,e,200605,108529,2006,5,2
125,6,430,.27499986,f,200605,108529,2006,5,2
125,7,430,1.1750002,g,200605,108529,2006,5,2
125,8,430,1.8,m,200605,108529,2006,5,2
126,1,430,1,a,200606,109466,2006,6,2
126,2,430,.39999998,b,200606,109466,2006,6,2
126,3,430,.21000004,c,200606,109466,2006,6,2
126,4,430,.18999994,d,200606,109466,2006,6,2
126,5,430,.1500001,e,200606,109466,2006,6,2
126,6,430,.29999995,f,200606,109466,2006,6,2
126,7,430,1.1500001,g,200606,109466,2006,6,2
126,8,430,1.8,m,200606,109466,2006,6,2
127,1,430,1,a,200607,106325,2006,7,3
127,2,430,.39999998,b,200607,106325,2006,7,3
127,3,430,.22000003,c,200607,106325,2006,7,3
127,4,430,.17999995,d,200607,106325,2006,7,3
127,5,430,.1500001,e,200607,106325,2006,7,3
127,6,430,.25,f,200607,106325,2006,7,3
127,7,430,1.2,g,200607,106325,2006,7,3
127,8,430,1.8,m,200607,106325,2006,7,3
128,1,430,1,a,200608,104977,2006,8,3
128,2,430,.39999998,b,200608,104977,2006,8,3
128,3,430,.20000005,c,200608,104977,2006,8,3
128,4,430,.19999993,d,200608,104977,2006,8,3
128,5,430,.1500001,e,200608,104977,2006,8,3
128,6,430,.25,f,200608,104977,2006,8,3
128,7,430,1.2,g,200608,104977,2006,8,3
128,8,430,1.8,m,200608,104977,2006,8,3
129,1,430,1,a,200609,105429,2006,9,3
129,2,430,.45000005,b,200609,105429,2006,9,3
129,3,430,.16999996,c,200609,105429,2006,9,3
129,4,430,.17999995,d,200609,105429,2006,9,3
129,5,430,.18000007,e,200609,105429,2006,9,3
129,6,430,.26999998,f,200609,105429,2006,9,3
129,7,430,1.1500001,g,200609,105429,2006,9,3
129,8,430,1.8,m,200609,105429,2006,9,3
130,1,430,1,a,200610,106176,2006,10,4
130,2,430,.5,b,200610,106176,2006,10,4
130,3,430,.10000002,c,200610,106176,2006,10,4
130,4,430,.19999993,d,200610,106176,2006,10,4
130,5,430,.19000006,e,200610,106176,2006,10,4
130,6,430,.21000004,f,200610,106176,2006,10,4
130,7,430,.8499999,g,200610,106176,2006,10,4
130,8,430,1.8,m,200610,106176,2006,10,4
131,1,430,1,a,200611,106900,2006,11,4
131,2,430,.5,b,200611,106900,2006,11,4
131,3,430,.10000002,c,200611,106900,2006,11,4
131,4,430,.19999993,d,200611,106900,2006,11,4
131,5,430,.20000005,e,200611,106900,2006,11,4
131,6,430,.21000004,f,200611,106900,2006,11,4
131,7,430,.83999991,g,200611,106900,2006,11,4
131,8,430,1.8,m,200611,106900,2006,11,4
132,1,430,1,a,200612,107825,2006,12,4
132,2,430,.5,b,200612,107825,2006,12,4
132,3,430,.14999998,c,200612,107825,2006,12,4
132,4,430,.17000008,d,200612,107825,2006,12,4
132,5,430,.17999995,e,200612,107825,2006,12,4
132,6,430,.25,f,200612,107825,2006,12,4
132,7,430,.79999995,g,200612,107825,2006,12,4
132,8,430,1.8200001,m,200612,107825,2006,12,4
133,1,430,1,a,200701,94597,2007,1,1
133,2,430,.5,b,200701,94597,2007,1,1
133,3,430,.14999998,c,200701,94597,2007,1,1
133,4,430,.15499997,d,200701,94597,2007,1,1
133,5,430,.19500005,e,200701,94597,2007,1,1
133,6,430,.21000004,f,200701,94597,2007,1,1
133,7,430,.78999996,g,200701,94597,2007,1,1
133,8,430,1.8049999,m,200701,94597,2007,1,1
134,1,430,1,a,200702,94697,2007,2,1
134,2,430,.5,b,200702,94697,2007,2,1
134,3,430,.14999998,c,200702,94697,2007,2,1
134,4,430,.17000008,d,200702,94697,2007,2,1
134,5,430,.17999995,e,200702,94697,2007,2,1
134,6,430,.21000004,f,200702,94697,2007,2,1
134,7,430,.78999996,g,200702,94697,2007,2,1
134,8,430,1.8200001,m,200702,94697,2007,2,1
135,1,430,1,a,200703,99502,2007,3,1
135,2,430,.5,b,200703,99502,2007,3,1
135,3,430,.20000005,c,200703,99502,2007,3,1
135,4,430,.14999998,d,200703,99502,2007,3,1
135,5,430,.14999998,e,200703,99502,2007,3,1
135,6,430,.25,f,200703,99502,2007,3,1
135,7,430,.75,g,200703,99502,2007,3,1
135,8,430,1.85,m,200703,99502,2007,3,1
136,1,430,1,a,200704,100914,2007,4,2
136,2,430,.5,b,200704,100914,2007,4,2
136,3,430,.20000005,c,200704,100914,2007,4,2
136,4,430,.14999998,d,200704,100914,2007,4,2
136,5,430,.14999998,e,200704,100914,2007,4,2
136,6,430,.29999995,f,200704,100914,2007,4,2
136,7,430,.60000014,g,200704,100914,2007,4,2
136,8,430,1.85,m,200704,100914,2007,4,2
137,1,430,1,a,200705,102761,2007,5,2
137,2,430,.5,b,200705,102761,2007,5,2
137,3,430,.20000005,c,200705,102761,2007,5,2
137,4,430,.14999998,d,200705,102761,2007,5,2
137,5,430,.14999998,e,200705,102761,2007,5,2
137,6,430,.29999995,f,200705,102761,2007,5,2
137,7,430,.60000014,g,200705,102761,2007,5,2
137,8,430,1.85,m,200705,102761,2007,5,2
138,1,430,1,a,200706,104229,2007,6,2
138,2,430,.5,b,200706,104229,2007,6,2
138,3,430,.20000005,c,200706,104229,2007,6,2
138,4,430,.14999998,d,200706,104229,2007,6,2
138,5,430,.14999998,e,200706,104229,2007,6,2
138,6,430,.29999995,f,200706,104229,2007,6,2
138,7,430,.60000014,g,200706,104229,2007,6,2
138,8,430,1.85,m,200706,104229,2007,6,2
139,1,430,.89999998,a,200707,103377,2007,7,3
139,2,430,.62,b,200707,103377,2007,7,3
139,3,430,.18000007,c,200707,103377,2007,7,3
139,4,430,.19999993,d,200707,103377,2007,7,3
139,5,430,.10000002,e,200707,103377,2007,7,3
139,6,430,.29999995,f,200707,103377,2007,7,3
139,7,430,.60000014,g,200707,103377,2007,7,3
139,8,430,1.9,m,200707,103377,2007,7,3
140,1,430,1,a,200708,102998,2007,8,3
140,2,430,.5,b,200708,102998,2007,8,3
140,3,430,.20000005,c,200708,102998,2007,8,3
140,4,430,.19999993,d,200708,102998,2007,8,3
140,5,430,.10000002,e,200708,102998,2007,8,3
140,6,430,.29999995,f,200708,102998,2007,8,3
140,7,430,.60000014,g,200708,102998,2007,8,3
140,8,430,1.9,m,200708,102998,2007,8,3
141,1,430,1.1,a,200709,103584,2007,9,3
141,2,430,.43999994,b,200709,103584,2007,9,3
141,3,430,.21000004,c,200709,103584,2007,9,3
141,4,430,.14999998,d,200709,103584,2007,9,3
141,5,430,.10000002,e,200709,103584,2007,9,3
141,6,430,.29999995,f,200709,103584,2007,9,3
141,7,430,.60000014,g,200709,103584,2007,9,3
141,8,430,1.9,m,200709,103584,2007,9,3
142,1,430,1,a,200710,104932,2007,10,4
142,2,430,.50999999,b,200710,104932,2007,10,4
142,3,430,.24000001,c,200710,104932,2007,10,4
142,4,430,.14999998,d,200710,104932,2007,10,4
142,5,430,.10000002,e,200710,104932,2007,10,4
142,6,430,.29999995,f,200710,104932,2007,10,4
142,7,430,.6500001,g,200710,104932,2007,10,4
142,8,430,1.9,m,200710,104932,2007,10,4
143,1,430,1,a,200711,107253,2007,11,4
143,2,430,.54999995,b,200711,107253,2007,11,4
143,3,430,.20000005,c,200711,107253,2007,11,4
143,4,430,.14999998,d,200711,107253,2007,11,4
143,5,430,.10000002,e,200711,107253,2007,11,4
143,6,430,.29999995,f,200711,107253,2007,11,4
143,7,430,.6500001,g,200711,107253,2007,11,4
143,8,430,1.9,m,200711,107253,2007,11,4
144,1,430,1,a,200712,107115,2007,12,4
144,2,430,.53999996,b,200712,107115,2007,12,4
144,3,430,.21000004,c,200712,107115,2007,12,4
144,4,430,.14999998,d,200712,107115,2007,12,4
144,5,430,.11000001,e,200712,107115,2007,12,4
144,6,430,.28999996,f,200712,107115,2007,12,4
144,7,430,.6500001,g,200712,107115,2007,12,4
144,8,430,1.9,m,200712,107115,2007,12,4
145,1,430,1.1,a,200801,102533,2008,1,1
145,2,430,.44999993,b,200801,102533,2008,1,1
145,3,430,.22000003,c,200801,102533,2008,1,1
145,4,430,.13,d,200801,102533,2008,1,1
145,5,430,.14999998,e,200801,102533,2008,1,1
145,6,430,.25,f,200801,102533,2008,1,1
145,7,430,.70000005,g,200801,102533,2008,1,1
145,8,430,1.9,m,200801,102533,2008,1,1
146,1,430,1.1,a,200802,100247,2008,2,1
146,2,430,.44999993,b,200802,100247,2008,2,1
146,3,430,.25,c,200802,100247,2008,2,1
146,4,430,.10000002,d,200802,100247,2008,2,1
146,5,430,.19999993,e,200802,100247,2008,2,1
146,6,430,.20000005,f,200802,100247,2008,2,1
146,7,430,.79999995,g,200802,100247,2008,2,1
146,8,430,1.9,m,200802,100247,2008,2,1
147,1,430,1.1,a,200803,104863,2008,3,1
147,2,430,.44999993,b,200803,104863,2008,3,1
147,3,430,.25,c,200803,104863,2008,3,1
147,4,430,.1400001,d,200803,104863,2008,3,1
147,5,430,.15999985,e,200803,104863,2008,3,1
147,6,430,.20000005,f,200803,104863,2008,3,1
147,7,430,.79999995,g,200803,104863,2008,3,1
147,8,430,1.9400001,m,200803,104863,2008,3,1
148,1,430,1.15,a,200804,99661,2008,4,2
148,2,430,.45000005,b,200804,99661,2008,4,2
148,3,430,.25,c,200804,99661,2008,4,2
148,4,430,.14999998,d,200804,99661,2008,4,2
148,5,430,.099999905,e,200804,99661,2008,4,2
148,6,430,.30000019,f,200804,99661,2008,4,2
148,7,430,.89999986,g,200804,99661,2008,4,2
148,8,430,2,m,200804,99661,2008,4,2
149,1,430,1.15,a,200805,100380,2008,5,2
149,2,430,.45000005,b,200805,100380,2008,5,2
149,3,430,.25,c,200805,100380,2008,5,2
149,4,430,.14999998,d,200805,100380,2008,5,2
149,5,430,.1099999,e,200805,100380,2008,5,2
149,6,430,.2900002,f,200805,100380,2008,5,2
149,7,430,.89999986,g,200805,100380,2008,5,2
149,8,430,2,m,200805,100380,2008,5,2
150,1,430,1.15,a,200806,101253,2008,6,2
150,2,430,.45000005,b,200806,101253,2008,6,2
150,3,430,.26999998,c,200806,101253,2008,6,2
150,4,430,.13,d,200806,101253,2008,6,2
150,5,430,.1500001,e,200806,101253,2008,6,2
150,6,430,.29999995,f,200806,101253,2008,6,2
150,7,430,.8499999,g,200806,101253,2008,6,2
150,8,430,2,m,200806,101253,2008,6,2
151,1,430,1.15,a,200807,102038,2008,7,3
151,2,430,.45000005,b,200807,102038,2008,7,3
151,3,430,.25,c,200807,102038,2008,7,3
151,4,430,.14999998,d,200807,102038,2008,7,3
151,5,430,.1500001,e,200807,102038,2008,7,3
151,6,430,.29999995,f,200807,102038,2008,7,3
151,7,430,.8499999,g,200807,102038,2008,7,3
151,8,430,2,m,200807,102038,2008,7,3
152,1,430,1.15,a,200808,102153,2008,8,3
152,2,430,.45000005,b,200808,102153,2008,8,3
152,3,430,.25,c,200808,102153,2008,8,3
152,4,430,.14999998,d,200808,102153,2008,8,3
152,5,430,.1500001,e,200808,102153,2008,8,3
152,6,430,.29999995,f,200808,102153,2008,8,3
152,7,430,.8499999,g,200808,102153,2008,8,3
152,8,430,2,m,200808,102153,2008,8,3
153,1,430,1.15,a,200809,102675,2008,9,3
153,2,430,.45000005,b,200809,102675,2008,9,3
153,3,430,.29999995,c,200809,102675,2008,9,3
153,4,430,.10000002,d,200809,102675,2008,9,3
153,5,430,.20000005,e,200809,102675,2008,9,3
153,6,430,.25,f,200809,102675,2008,9,3
153,7,430,.8499999,g,200809,102675,2008,9,3
153,8,430,2,m,200809,102675,2008,9,3
154,1,430,1.1,a,200810,103841,2008,10,4
154,2,430,.5,b,200810,103841,2008,10,4
154,3,430,.29999995,c,200810,103841,2008,10,4
154,4,430,.10000002,d,200810,103841,2008,10,4
154,5,430,.20000005,e,200810,103841,2008,10,4
154,6,430,.20000005,f,200810,103841,2008,10,4
154,7,430,.89999986,g,200810,103841,2008,10,4
154,8,430,2,m,200810,103841,2008,10,4
155,1,430,1.1,a,200811,104611,2008,11,4
155,2,430,.5,b,200811,104611,2008,11,4
155,3,430,.29999995,c,200811,104611,2008,11,4
155,4,430,.10000002,d,200811,104611,2008,11,4
155,5,430,.20000005,e,200811,104611,2008,11,4
155,6,430,.25,f,200811,104611,2008,11,4
155,7,430,.8499999,g,200811,104611,2008,11,4
155,8,430,2,m,200811,104611,2008,11,4
156,1,430,1.1,a,200812,101725,2008,12,4
156,2,430,.5,b,200812,101725,2008,12,4
156,3,430,.29999995,c,200812,101725,2008,12,4
156,4,430,.10000002,d,200812,101725,2008,12,4
156,5,430,.20000005,e,200812,101725,2008,12,4
156,6,430,.22500014,f,200812,101725,2008,12,4
156,7,430,.77499986,g,200812,101725,2008,12,4
156,8,430,2,m,200812,101725,2008,12,4
157,1,430,1.1,a,200901,98064,2009,1,1
157,2,430,.5,b,200901,98064,2009,1,1
157,3,430,.29999995,c,200901,98064,2009,1,1
157,4,430,.10000002,d,200901,98064,2009,1,1
157,5,430,.20000005,e,200901,98064,2009,1,1
157,6,430,.25,f,200901,98064,2009,1,1
157,7,430,.75,g,200901,98064,2009,1,1
157,8,430,2,m,200901,98064,2009,1,1
158,1,430,1.15,a,200902,91554,2009,2,1
158,2,430,.45000005,b,200902,91554,2009,2,1
158,3,430,.29999995,c,200902,91554,2009,2,1
158,4,430,.10000002,d,200902,91554,2009,2,1
158,5,430,.20000005,e,200902,91554,2009,2,1
158,6,430,.25,f,200902,91554,2009,2,1
158,7,430,.75,g,200902,91554,2009,2,1
158,8,430,2,m,200902,91554,2009,2,1
159,1,430,1.15,a,200903,96940,2009,3,1
159,2,430,.5,b,200903,96940,2009,3,1
159,3,430,.25,c,200903,96940,2009,3,1
159,4,430,.10000002,d,200903,96940,2009,3,1
159,5,430,.20000005,e,200903,96940,2009,3,1
159,6,430,.25,f,200903,96940,2009,3,1
159,7,430,1.05,g,200903,96940,2009,3,1
159,8,430,2,m,200903,96940,2009,3,1
160,1,430,1.15,a,200904,99032,2009,4,2
160,2,430,.5,b,200904,99032,2009,4,2
160,3,430,.25,c,200904,99032,2009,4,2
160,4,430,.10000002,d,200904,99032,2009,4,2
160,5,430,.20000005,e,200904,99032,2009,4,2
160,6,430,.25,f,200904,99032,2009,4,2
160,7,430,.79999995,g,200904,99032,2009,4,2
160,8,430,2,m,200904,99032,2009,4,2
161,1,430,1.15,a,200905,99987,2009,5,2
161,2,430,.5,b,200905,99987,2009,5,2
161,3,430,.25,c,200905,99987,2009,5,2
161,4,430,.11000001,d,200905,99987,2009,5,2
161,5,430,.19000006,e,200905,99987,2009,5,2
161,6,430,.29999995,f,200905,99987,2009,5,2
161,7,430,.79999995,g,200905,99987,2009,5,2
161,8,430,2.01,m,200905,99987,2009,5,2
162,1,430,1.15,a,200906,99841,2009,6,2
162,2,430,.5,b,200906,99841,2009,6,2
162,3,430,.25,c,200906,99841,2009,6,2
162,4,430,.14999998,d,200906,99841,2009,6,2
162,5,430,.1500001,e,200906,99841,2009,6,2
162,6,430,.29999995,f,200906,99841,2009,6,2
162,7,430,1.0999999,g,200906,99841,2009,6,2
162,8,430,2.05,m,200906,99841,2009,6,2
163,1,430,1.15,a,200907,100286,2009,7,3
163,2,430,.54000008,b,200907,100286,2009,7,3
163,3,430,.20999992,c,200907,100286,2009,7,3
163,4,430,.14999998,d,200907,100286,2009,7,3
163,5,430,.1500001,e,200907,100286,2009,7,3
163,6,430,.29999995,f,200907,100286,2009,7,3
163,7,430,1.0999999,g,200907,100286,2009,7,3
163,8,430,2.05,m,200907,100286,2009,7,3
164,1,430,1.15,a,200908,100874,2009,8,3
164,2,430,.5,b,200908,100874,2009,8,3
164,3,430,.25,c,200908,100874,2009,8,3
164,4,430,.14999998,d,200908,100874,2009,8,3
164,5,430,.1500001,e,200908,100874,2009,8,3
164,6,430,.29999995,f,200908,100874,2009,8,3
164,7,430,1.0999999,g,200908,100874,2009,8,3
164,8,430,2.05,m,200908,100874,2009,8,3
165,1,430,1.15,a,200909,101886,2009,9,3
165,2,430,.5,b,200909,101886,2009,9,3
165,3,430,.25,c,200909,101886,2009,9,3
165,4,430,.14999998,d,200909,101886,2009,9,3
165,5,430,.1500001,e,200909,101886,2009,9,3
165,6,430,.29999995,f,200909,101886,2009,9,3
165,7,430,1.0999999,g,200909,101886,2009,9,3
165,8,430,2.05,m,200909,101886,2009,9,3
166,1,430,1.15,a,200910,102835,2009,10,4
166,2,430,.5,b,200910,102835,2009,10,4
166,3,430,.30000007,c,200910,102835,2009,10,4
166,4,430,.099999905,d,200910,102835,2009,10,4
166,5,430,.1500001,e,200910,102835,2009,10,4
166,6,430,.29999995,f,200910,102835,2009,10,4
166,7,430,1.0999999,g,200910,102835,2009,10,4
166,8,430,2.05,m,200910,102835,2009,10,4
167,1,430,1.15,a,200911,104098,2009,11,4
167,2,430,.5,b,200911,104098,2009,11,4
167,3,430,.30000007,c,200911,104098,2009,11,4
167,4,430,.099999905,d,200911,104098,2009,11,4
167,5,430,.1500001,e,200911,104098,2009,11,4
167,6,430,.29999995,f,200911,104098,2009,11,4
167,7,430,1.0999999,g,200911,104098,2009,11,4
167,8,430,2.05,m,200911,104098,2009,11,4
168,1,430,1.15,a,200912,105198,2009,12,4
168,2,430,.55000007,b,200912,105198,2009,12,4
168,3,430,.25,c,200912,105198,2009,12,4
168,4,430,.1099999,d,200912,105198,2009,12,4
168,5,430,.19000006,e,200912,105198,2009,12,4
168,6,430,.25,f,200912,105198,2009,12,4
168,7,430,1.0999999,g,200912,105198,2009,12,4
168,8,430,2.0599999,m,200912,105198,2009,12,4
169,1,430,1.15,a,201001,101494,2010,1,1
169,2,430,.55000007,b,201001,101494,2010,1,1
169,3,430,.25,c,201001,101494,2010,1,1
169,4,430,.14999986,d,201001,101494,2010,1,1
169,5,430,.1500001,e,201001,101494,2010,1,1
169,6,430,.29999995,f,201001,101494,2010,1,1
169,7,430,1.1300001,g,201001,101494,2010,1,1
169,8,430,2.0999999,m,201001,101494,2010,1,1
170,1,430,1.15,a,201002,97765,2010,2,1
170,2,430,.55000007,b,201002,97765,2010,2,1
170,3,430,.28999996,c,201002,97765,2010,2,1
170,4,430,.1099999,d,201002,97765,2010,2,1
170,5,430,.20000005,e,201002,97765,2010,2,1
170,6,430,.29999995,f,201002,97765,2010,2,1
170,7,430,1.9000001,g,201002,97765,2010,2,1
170,8,430,2.0999999,m,201002,97765,2010,2,1
171,1,430,1.15,a,201003,102076,2010,3,1
171,2,430,.60000002,b,201003,102076,2010,3,1
171,3,430,.24000001,c,201003,102076,2010,3,1
171,4,430,.1099999,d,201003,102076,2010,3,1
171,5,430,.20000005,e,201003,102076,2010,3,1
171,6,430,.29999995,f,201003,102076,2010,3,1
171,7,430,1.9000001,g,201003,102076,2010,3,1
171,8,430,2.0999999,m,201003,102076,2010,3,1
172,1,430,1.15,a,201004,104460,2010,4,2
172,2,430,.64999998,b,201004,104460,2010,4,2
172,3,430,.21000004,c,201004,104460,2010,4,2
172,4,430,.1400001,d,201004,104460,2010,4,2
172,5,430,.14999986,e,201004,104460,2010,4,2
172,6,430,.29999995,f,201004,104460,2010,4,2
172,7,430,1.9000001,g,201004,104460,2010,4,2
172,8,430,2.1500001,m,201004,104460,2010,4,2
173,1,430,1.15,a,201005,105563,2010,5,2
173,2,430,.64999998,b,201005,105563,2010,5,2
173,3,430,.25,c,201005,105563,2010,5,2
173,4,430,.14500022,d,201005,105563,2010,5,2
173,5,430,.10499978,e,201005,105563,2010,5,2
173,6,430,.35000014,f,201005,105563,2010,5,2
173,7,430,1.8499999,g,201005,105563,2010,5,2
173,8,430,2.1950002,m,201005,105563,2010,5,2
174,1,430,1.15,a,201006,106441,2010,6,2
174,2,430,.64999998,b,201006,106441,2010,6,2
174,3,430,.25,c,201006,106441,2010,6,2
174,4,430,.1500001,d,201006,106441,2010,6,2
174,5,430,.099999905,e,201006,106441,2010,6,2
174,6,430,.35000014,f,201006,106441,2010,6,2
174,7,430,1.8499999,g,201006,106441,2010,6,2
174,8,430,2.2,m,201006,106441,2010,6,2
175,1,430,1.2,a,201007,107144,2010,7,3
175,2,430,.5999999,b,201007,107144,2010,7,3
175,3,430,.25,c,201007,107144,2010,7,3
175,4,430,.1500001,d,201007,107144,2010,7,3
175,5,430,.099999905,e,201007,107144,2010,7,3
175,6,430,.35000014,f,201007,107144,2010,7,3
175,7,430,1.8499999,g,201007,107144,2010,7,3
175,8,430,2.2,m,201007,107144,2010,7,3
176,1,430,1.2,a,201008,108013,2010,8,3
176,2,430,.5999999,b,201008,108013,2010,8,3
176,3,430,.23000002,c,201008,108013,2010,8,3
176,4,430,.17000008,d,201008,108013,2010,8,3
176,5,430,.099999905,e,201008,108013,2010,8,3
176,6,430,.35000014,f,201008,108013,2010,8,3
176,7,430,1.8499999,g,201008,108013,2010,8,3
176,8,430,2.2,m,201008,108013,2010,8,3
177,1,430,1.2,a,201009,108428,2010,9,3
177,2,430,.5999999,b,201009,108428,2010,9,3
177,3,430,.25,c,201009,108428,2010,9,3
177,4,430,.1500001,d,201009,108428,2010,9,3
177,5,430,.099999905,e,201009,108428,2010,9,3
177,6,430,.35000014,f,201009,108428,2010,9,3
177,7,430,1.8499999,g,201009,108428,2010,9,3
177,8,430,2.2,m,201009,108428,2010,9,3
178,1,430,1.2,a,201010,109402,2010,10,4
178,2,430,.5999999,b,201010,109402,2010,10,4
178,3,430,.25,c,201010,109402,2010,10,4
178,4,430,.1500001,d,201010,109402,2010,10,4
178,5,430,.14999986,e,201010,109402,2010,10,4
178,6,430,.34000015,f,201010,109402,2010,10,4
178,7,430,1.8099999,g,201010,109402,2010,10,4
178,8,430,2.2,m,201010,109402,2010,10,4
179,1,430,1.2,a,201011,109722,2010,11,4
179,2,430,.64999998,b,201011,109722,2010,11,4
179,3,430,.24999988,c,201011,109722,2010,11,4
179,4,430,.10000014,d,201011,109722,2010,11,4
179,5,430,.14999986,e,201011,109722,2010,11,4
179,6,430,.35000014,f,201011,109722,2010,11,4
179,7,430,1.8,g,201011,109722,2010,11,4
179,8,430,2.2,m,201011,109722,2010,11,4
180,1,430,1.2,a,201012,110240,2010,12,4
180,2,430,.64999998,b,201012,110240,2010,12,4
180,3,430,.24999988,c,201012,110240,2010,12,4
180,4,430,.10000014,d,201012,110240,2010,12,4
180,5,430,.20000005,e,201012,110240,2010,12,4
180,6,430,.29999995,f,201012,110240,2010,12,4
180,7,430,1.8,g,201012,110240,2010,12,4
180,8,430,2.2,m,201012,110240,2010,12,4
181,1,430,1.25,a,201101,107539,2011,1,1
181,2,430,.64999998,b,201101,107539,2011,1,1
181,3,430,.25000012,c,201101,107539,2011,1,1
181,4,430,.14999986,d,201101,107539,2011,1,1
181,5,430,.10000014,e,201101,107539,2011,1,1
181,6,430,.3499999,f,201101,107539,2011,1,1
181,7,430,1.75,g,201101,107539,2011,1,1
181,8,430,2.3,m,201101,107539,2011,1,1
182,1,430,1.25,a,201102,107133,2011,2,1
182,2,430,.64999998,b,201102,107133,2011,2,1
182,3,430,.25000012,c,201102,107133,2011,2,1
182,4,430,.14999986,d,201102,107133,2011,2,1
182,5,430,.1500001,e,201102,107133,2011,2,1
182,6,430,.29999995,f,201102,107133,2011,2,1
182,7,430,1.75,g,201102,107133,2011,2,1
182,8,430,2.3,m,201102,107133,2011,2,1
183,1,430,1.25,a,201103,111601,2011,3,1
183,2,430,.64999998,b,201103,111601,2011,3,1
183,3,430,.25000012,c,201103,111601,2011,3,1
183,4,430,.14999986,d,201103,111601,2011,3,1
183,5,430,.1500001,e,201103,111601,2011,3,1
183,6,430,.29999995,f,201103,111601,2011,3,1
183,7,430,1.75,g,201103,111601,2011,3,1
183,8,430,2.3,m,201103,111601,2011,3,1
184,1,430,1.25,a,201104,110057,2011,4,2
184,2,430,.64999998,b,201104,110057,2011,4,2
184,3,430,.30000007,c,201104,110057,2011,4,2
184,4,430,.14999986,d,201104,110057,2011,4,2
184,5,430,.1500001,e,201104,110057,2011,4,2
184,6,430,.29999995,f,201104,110057,2011,4,2
184,7,430,1.7,g,201104,110057,2011,4,2
184,8,430,2.3499999,m,201104,110057,2011,4,2
185,1,430,1.25,a,201105,110832,2011,5,2
185,2,430,.64999998,b,201105,110832,2011,5,2
185,3,430,.30000007,c,201105,110832,2011,5,2
185,4,430,.14999986,d,201105,110832,2011,5,2
185,5,430,.1500001,e,201105,110832,2011,5,2
185,6,430,.30999994,f,201105,110832,2011,5,2
185,7,430,1.6900001,g,201105,110832,2011,5,2
185,8,430,2.3499999,m,201105,110832,2011,5,2
186,1,430,1.25,a,201106,110852,2011,6,2
186,2,430,.64999998,b,201106,110852,2011,6,2
186,3,430,.30000007,c,201106,110852,2011,6,2
186,4,430,.14999986,d,201106,110852,2011,6,2
186,5,430,.1500001,e,201106,110852,2011,6,2
186,6,430,.3499999,f,201106,110852,2011,6,2
186,7,430,1.6500001,g,201106,110852,2011,6,2
186,8,430,2.3499999,m,201106,110852,2011,6,2
187,1,430,1.25,a,201107,110869,2011,7,3
187,2,430,.69000006,b,201107,110869,2011,7,3
187,3,430,.25999999,c,201107,110869,2011,7,3
187,4,430,.14999986,d,201107,110869,2011,7,3
187,5,430,.1500001,e,201107,110869,2011,7,3
187,6,430,.3499999,f,201107,110869,2011,7,3
187,7,430,1.6500001,g,201107,110869,2011,7,3
187,8,430,2.3499999,m,201107,110869,2011,7,3
188,1,430,1.25,a,201108,111553,2011,8,3
188,2,430,.64999998,b,201108,111553,2011,8,3
188,3,430,.30000007,c,201108,111553,2011,8,3
188,4,430,.20000005,d,201108,111553,2011,8,3
188,5,430,.099999905,e,201108,111553,2011,8,3
188,6,430,.3499999,f,201108,111553,2011,8,3
188,7,430,1.6500001,g,201108,111553,2011,8,3
188,8,430,2.4000001,m,201108,111553,2011,8,3
189,1,430,1.25,a,201109,112406,2011,9,3
189,2,430,.64999998,b,201109,112406,2011,9,3
189,3,430,.30000007,c,201109,112406,2011,9,3
189,4,430,.20000005,d,201109,112406,2011,9,3
189,5,430,.099999905,e,201109,112406,2011,9,3
189,6,430,.3499999,f,201109,112406,2011,9,3
189,7,430,.6500001,g,201109,112406,2011,9,3
189,8,430,2.4000001,m,201109,112406,2011,9,3
190,1,430,1.25,a,201110,112621,2011,10,4
190,2,430,.69000006,b,201110,112621,2011,10,4
190,3,430,.25999999,c,201110,112621,2011,10,4
190,4,430,.20000005,d,201110,112621,2011,10,4
190,5,430,.099999905,e,201110,112621,2011,10,4
190,6,430,.3499999,f,201110,112621,2011,10,4
190,7,430,.6500001,g,201110,112621,2011,10,4
190,8,430,2.4000001,m,201110,112621,2011,10,4
191,1,430,1.25,a,201111,112493,2011,11,4
191,2,430,.70000005,b,201111,112493,2011,11,4
191,3,430,.25,c,201111,112493,2011,11,4
191,4,430,.20000005,d,201111,112493,2011,11,4
191,5,430,.099999905,e,201111,112493,2011,11,4
191,6,430,.4000001,f,201111,112493,2011,11,4
191,7,430,1.5,g,201111,112493,2011,11,4
191,8,430,2.4000001,m,201111,112493,2011,11,4
192,1,430,1.25,a,201112,113708,2011,12,4
192,2,430,.75,b,201112,113708,2011,12,4
192,3,430,.20000005,c,201112,113708,2011,12,4
192,4,430,.20000005,d,201112,113708,2011,12,4
192,5,430,.099999905,e,201112,113708,2011,12,4
192,6,430,.4000001,f,201112,113708,2011,12,4
192,7,430,1.5,g,201112,113708,2011,12,4
192,8,430,2.4000001,m,201112,113708,2011,12,4
193,1,430,1.25,a,201201,112856,2012,1,1
193,2,430,.75,b,201201,112856,2012,1,1
193,3,430,.20000005,c,201201,112856,2012,1,1
193,4,430,.20000005,d,201201,112856,2012,1,1
193,5,430,.14999986,e,201201,112856,2012,1,1
193,6,430,.35000014,f,201201,112856,2012,1,1
193,7,430,.69999981,g,201201,112856,2012,1,1
193,8,430,2.4000001,m,201201,112856,2012,1,1
194,1,430,1.1,a,201202,109698,2012,2,1
194,2,430,.89999998,b,201202,109698,2012,2,1
194,3,430,.20000005,c,201202,109698,2012,2,1
194,4,430,.20000005,d,201202,109698,2012,2,1
194,5,430,.14999986,e,201202,109698,2012,2,1
194,6,430,.35000014,f,201202,109698,2012,2,1
194,7,430,.69999981,g,201202,109698,2012,2,1
194,8,430,2.4000001,m,201202,109698,2012,2,1
195,1,430,1.1,a,201203,112414,2012,3,1
195,2,430,.89999998,b,201203,112414,2012,3,1
195,3,430,.25,c,201203,112414,2012,3,1
195,4,430,.1500001,d,201203,112414,2012,3,1
195,5,430,.14999986,e,201203,112414,2012,3,1
195,6,430,.35000014,f,201203,112414,2012,3,1
195,7,430,1.5,g,201203,112414,2012,3,1
195,8,430,2.4000001,m,201203,112414,2012,3,1
196,1,430,1.29,a,201204,111587,2012,4,2
196,2,430,.71000004,b,201204,111587,2012,4,2
196,3,430,.29999995,c,201204,111587,2012,4,2
196,4,430,.1500001,d,201204,111587,2012,4,2
196,5,430,.14999986,e,201204,111587,2012,4,2
196,6,430,.4000001,f,201204,111587,2012,4,2
196,7,430,1.4000001,g,201204,111587,2012,4,2
196,8,430,2.45,m,201204,111587,2012,4,2
197,1,430,1.29,a,201205,112846,2012,5,2
197,2,430,.71000004,b,201205,112846,2012,5,2
197,3,430,.29999995,c,201205,112846,2012,5,2
197,4,430,.19000006,d,201205,112846,2012,5,2
197,5,430,.1099999,e,201205,112846,2012,5,2
197,6,430,.4000001,f,201205,112846,2012,5,2
197,7,430,1.4000001,g,201205,112846,2012,5,2
197,8,430,2.49,m,201205,112846,2012,5,2
198,1,430,1.29,a,201206,113334,2012,6,2
198,2,430,.71000004,b,201206,113334,2012,6,2
198,3,430,.29999995,c,201206,113334,2012,6,2
198,4,430,.19000006,d,201206,113334,2012,6,2
198,5,430,.1099999,e,201206,113334,2012,6,2
198,6,430,.4000001,f,201206,113334,2012,6,2
198,7,430,1.4000001,g,201206,113334,2012,6,2
198,8,430,2.49,m,201206,113334,2012,6,2
199,1,430,1.29,a,201207,112851,2012,7,3
199,2,430,.71000004,b,201207,112851,2012,7,3
199,3,430,.29999995,c,201207,112851,2012,7,3
199,4,430,.20000005,d,201207,112851,2012,7,3
199,5,430,.099999905,e,201207,112851,2012,7,3
199,6,430,.4000001,f,201207,112851,2012,7,3
199,7,430,.70000005,g,201207,112851,2012,7,3
199,8,430,2.5,m,201207,112851,2012,7,3
200,1,430,1.29,a,201208,113661,2012,8,3
200,2,430,.71000004,b,201208,113661,2012,8,3
200,3,430,.29999995,c,201208,113661,2012,8,3
200,4,430,.20000005,d,201208,113661,2012,8,3
200,5,430,.1500001,e,201208,113661,2012,8,3
200,6,430,.3499999,f,201208,113661,2012,8,3
200,7,430,.70000005,g,201208,113661,2012,8,3
200,8,430,2.5,m,201208,113661,2012,8,3
201,1,430,1.29,a,201209,113405,2012,9,3
201,2,430,.71000004,b,201209,113405,2012,9,3
201,3,430,.29999995,c,201209,113405,2012,9,3
201,4,430,.20000005,d,201209,113405,2012,9,3
201,5,430,.125,e,201209,113405,2012,9,3
201,6,430,.375,f,201209,113405,2012,9,3
201,7,430,.70000005,g,201209,113405,2012,9,3
201,8,430,2.5,m,201209,113405,2012,9,3
202,1,430,1.29,a,201210,113078,2012,10,4
202,2,430,.71000004,b,201210,113078,2012,10,4
202,3,430,.29999995,c,201210,113078,2012,10,4
202,4,430,.20000005,d,201210,113078,2012,10,4
202,5,430,.1500001,e,201210,113078,2012,10,4
202,6,430,.3499999,f,201210,113078,2012,10,4
202,7,430,.70000005,g,201210,113078,2012,10,4
202,8,430,2.5,m,201210,113078,2012,10,4
203,1,430,1.29,a,201211,112217,2012,11,4
203,2,430,.71000004,b,201211,112217,2012,11,4
203,3,430,.29999995,c,201211,112217,2012,11,4
203,4,430,.20000005,d,201211,112217,2012,11,4
203,5,430,.19000006,e,201211,112217,2012,11,4
203,6,430,.30999994,f,201211,112217,2012,11,4
203,7,430,.70000005,g,201211,112217,2012,11,4
203,8,430,2.5,m,201211,112217,2012,11,4
204,1,430,1.29,a,201212,112408,2012,12,4
204,2,430,.71000004,b,201212,112408,2012,12,4
204,3,430,.29999995,c,201212,112408,2012,12,4
204,4,430,.20000005,d,201212,112408,2012,12,4
204,5,430,.19000006,e,201212,112408,2012,12,4
204,6,430,.30999994,f,201212,112408,2012,12,4
204,7,430,.79999995,g,201212,112408,2012,12,4
204,8,430,2.5,m,201212,112408,2012,12,4
205,1,430,1.29,a,201301,112366,2013,1,1
205,2,430,.71000004,b,201301,112366,2013,1,1
205,3,430,.29999995,c,201301,112366,2013,1,1
205,4,430,.20000005,d,201301,112366,2013,1,1
205,5,430,.20000005,e,201301,112366,2013,1,1
205,6,430,.29999995,f,201301,112366,2013,1,1
205,7,430,.79999995,g,201301,112366,2013,1,1
205,8,430,2.5,m,201301,112366,2013,1,1
206,1,430,1.29,a,201302,108728,2013,2,1
206,2,430,.75999999,b,201302,108728,2013,2,1
206,3,430,.27999997,c,201302,108728,2013,2,1
206,4,430,.17000008,d,201302,108728,2013,2,1
206,5,430,.20000005,e,201302,108728,2013,2,1
206,6,430,.29999995,f,201302,108728,2013,2,1
206,7,430,1,g,201302,108728,2013,2,1
206,8,430,2.5,m,201302,108728,2013,2,1
207,1,430,1.29,a,201303,111899,2013,3,1
207,2,430,.71000004,b,201303,111899,2013,3,1
207,3,430,.32999992,c,201303,111899,2013,3,1
207,4,430,.19500017,d,201303,111899,2013,3,1
207,5,430,.17499995,e,201303,111899,2013,3,1
207,6,430,.29999995,f,201303,111899,2013,3,1
207,7,430,1,g,201303,111899,2013,3,1
207,8,430,2.5250001,m,201303,111899,2013,3,1
208,1,430,1.29,a,201304,111792,2013,4,2
208,2,430,.80999994,b,201304,111792,2013,4,2
208,3,430,.30000019,c,201304,111792,2013,4,2
208,4,430,.14999986,d,201304,111792,2013,4,2
208,5,430,.20000005,e,201304,111792,2013,4,2
208,6,430,.29999995,f,201304,111792,2013,4,2
208,7,430,2.01,g,201304,111792,2013,4,2
208,8,430,2.55,m,201304,111792,2013,4,2
209,1,430,1.3200001,a,201305,112311,2013,5,2
209,2,430,.77999985,b,201305,112311,2013,5,2
209,3,430,.30000019,c,201305,112311,2013,5,2
209,4,430,.14999986,d,201305,112311,2013,5,2
209,5,430,.20000005,e,201305,112311,2013,5,2
209,6,430,.29999995,f,201305,112311,2013,5,2
209,7,430,1.55,g,201305,112311,2013,5,2
209,8,430,2.55,m,201305,112311,2013,5,2
210,1,430,1.3200001,a,201306,113032,2013,6,2
210,2,430,.77999985,b,201306,113032,2013,6,2
210,3,430,.30000019,c,201306,113032,2013,6,2
210,4,430,.14999986,d,201306,113032,2013,6,2
210,5,430,.20000005,e,201306,113032,2013,6,2
210,6,430,.29999995,f,201306,113032,2013,6,2
210,7,430,1.7500002,g,201306,113032,2013,6,2
210,8,430,2.55,m,201306,113032,2013,6,2
211,1,430,1.3200001,a,201307,110581,2013,7,3
211,2,430,.77999985,b,201307,110581,2013,7,3
211,3,430,.28000021,c,201307,110581,2013,7,3
211,4,430,.16999984,d,201307,110581,2013,7,3
211,5,430,.20000005,e,201307,110581,2013,7,3
211,6,430,.3499999,f,201307,110581,2013,7,3
211,7,430,1.7000003,g,201307,110581,2013,7,3
211,8,430,2.55,m,201307,110581,2013,7,3
212,1,430,1.3200001,a,201308,111674,2013,8,3
212,2,430,.77999985,b,201308,111674,2013,8,3
212,3,430,.30000019,c,201308,111674,2013,8,3
212,4,430,.19999981,d,201308,111674,2013,8,3
212,5,430,.1500001,e,201308,111674,2013,8,3
212,6,430,.3499999,f,201308,111674,2013,8,3
212,7,430,1.7000003,g,201308,111674,2013,8,3
212,8,430,2.5999999,m,201308,111674,2013,8,3
213,1,430,1.3200001,a,201309,111821,2013,9,3
213,2,430,.77999985,b,201309,111821,2013,9,3
213,3,430,.30000019,c,201309,111821,2013,9,3
213,4,430,.19999981,d,201309,111821,2013,9,3
213,5,430,.1500001,e,201309,111821,2013,9,3
213,6,430,.3499999,f,201309,111821,2013,9,3
213,7,430,1.7000003,g,201309,111821,2013,9,3
213,8,430,2.5999999,m,201309,111821,2013,9,3
214,1,430,1.3200001,a,201310,112239,2013,10,4
214,2,430,.77999985,b,201310,112239,2013,10,4
214,3,430,.30000019,c,201310,112239,2013,10,4
214,4,430,.19999981,d,201310,112239,2013,10,4
214,5,430,.19000006,e,201310,112239,2013,10,4
214,6,430,.30999994,f,201310,112239,2013,10,4
214,7,430,1.7000003,g,201310,112239,2013,10,4
214,8,430,2.5999999,m,201310,112239,2013,10,4
215,1,430,1.3200001,a,201311,111783,2013,11,4
215,2,430,.77999985,b,201311,111783,2013,11,4
215,3,430,.30000019,c,201311,111783,2013,11,4
215,4,430,.19999981,d,201311,111783,2013,11,4
215,5,430,.20000005,e,201311,111783,2013,11,4
215,6,430,.29999995,f,201311,111783,2013,11,4
215,7,430,1.7000003,g,201311,111783,2013,11,4
215,8,430,2.5999999,m,201311,111783,2013,11,4
216,1,430,1.3200001,a,201312,112679,2013,12,4
216,2,430,.77999985,b,201312,112679,2013,12,4
216,3,430,.30000019,c,201312,112679,2013,12,4
216,4,430,.19999981,d,201312,112679,2013,12,4
216,5,430,.20000005,e,201312,112679,2013,12,4
216,6,430,.29999995,f,201312,112679,2013,12,4
216,7,430,1.7000003,g,201312,112679,2013,12,4
216,8,430,2.5999999,m,201312,112679,2013,12,4
217,1,430,1.3200001,a,201401,113108,2014,1,1
217,2,430,.77999985,b,201401,113108,2014,1,1
217,3,430,.30000019,c,201401,113108,2014,1,1
217,4,430,.19999981,d,201401,113108,2014,1,1
217,5,430,.20000005,e,201401,113108,2014,1,1
217,6,430,.35000014,f,201401,113108,2014,1,1
217,7,430,1.6500001,g,201401,113108,2014,1,1
217,8,430,2.5999999,m,201401,113108,2014,1,1
218,1,430,1.3200001,a,201402,108248,2014,2,1
218,2,430,.77999985,b,201402,108248,2014,2,1
218,3,430,.35000014,c,201402,108248,2014,2,1
218,4,430,.20000005,d,201402,108248,2014,2,1
218,5,430,.14999986,e,201402,108248,2014,2,1
218,6,430,.4000001,f,201402,108248,2014,2,1
218,7,430,1.3,g,201402,108248,2014,2,1
218,8,430,2.6500001,m,201402,108248,2014,2,1
219,1,430,1.3200001,a,201403,111203,2014,3,1
219,2,430,.77999985,b,201403,111203,2014,3,1
219,3,430,.4000001,c,201403,111203,2014,3,1
219,4,430,.1500001,d,201403,111203,2014,3,1
219,5,430,.19999981,e,201403,111203,2014,3,1
219,6,430,.4000001,f,201403,111203,2014,3,1
219,7,430,1.25,g,201403,111203,2014,3,1
219,8,430,2.6500001,m,201403,111203,2014,3,1
220,1,430,1.3200001,a,201404,110710,2014,4,2
220,2,430,.83000004,b,201404,110710,2014,4,2
220,3,430,.3499999,c,201404,110710,2014,4,2
220,4,430,.20000005,d,201404,110710,2014,4,2
220,5,430,.14999986,e,201404,110710,2014,4,2
220,6,430,.4000001,f,201404,110710,2014,4,2
220,7,430,1.0500002,g,201404,110710,2014,4,2
220,8,430,2.7,m,201404,110710,2014,4,2
221,1,430,1.3200001,a,201405,111771,2014,5,2
221,2,430,.83000004,b,201405,111771,2014,5,2
221,3,430,.3499999,c,201405,111771,2014,5,2
221,4,430,.20000005,d,201405,111771,2014,5,2
221,5,430,.14999986,e,201405,111771,2014,5,2
221,6,430,.4000001,f,201405,111771,2014,5,2
221,7,430,1.0500002,g,201405,111771,2014,5,2
221,8,430,2.7,m,201405,111771,2014,5,2
222,1,430,1.3200001,a,201406,112545,2014,6,2
222,2,430,.88,b,201406,112545,2014,6,2
222,3,430,.29999995,c,201406,112545,2014,6,2
222,4,430,.20000005,d,201406,112545,2014,6,2
222,5,430,.19000006,e,201406,112545,2014,6,2
222,6,430,.3599999,f,201406,112545,2014,6,2
222,7,430,1.0500002,g,201406,112545,2014,6,2
222,8,430,2.7,m,201406,112545,2014,6,2
223,1,430,1.3200001,a,201407,110136,2014,7,3
223,2,430,.84499991,b,201407,110136,2014,7,3
223,3,430,.33500004,c,201407,110136,2014,7,3
223,4,430,.20000005,d,201407,110136,2014,7,3
223,5,430,.20000005,e,201407,110136,2014,7,3
223,6,430,.3499999,f,201407,110136,2014,7,3
223,7,430,1.0500002,g,201407,110136,2014,7,3
223,8,430,2.7,m,201407,110136,2014,7,3
224,1,430,1.3200001,a,201408,111380,2014,8,3
224,2,430,.86000001,b,201408,111380,2014,8,3
224,3,430,.31999993,c,201408,111380,2014,8,3
224,4,430,.20000005,d,201408,111380,2014,8,3
224,5,430,.20000005,e,201408,111380,2014,8,3
224,6,430,.3499999,f,201408,111380,2014,8,3
224,7,430,1.0500002,g,201408,111380,2014,8,3
224,8,430,2.7,m,201408,111380,2014,8,3
225,1,430,1.3200001,a,201409,111588,2014,9,3
225,2,430,.88,b,201409,111588,2014,9,3
225,3,430,.29999995,c,201409,111588,2014,9,3
225,4,430,.20000005,d,201409,111588,2014,9,3
225,5,430,.20000005,e,201409,111588,2014,9,3
225,6,430,.3499999,f,201409,111588,2014,9,3
225,7,430,1.0500002,g,201409,111588,2014,9,3
225,8,430,2.7,m,201409,111588,2014,9,3
226,1,430,1.3200001,a,201410,111005,2014,10,4
226,2,430,.88,b,201410,111005,2014,10,4
226,3,430,.29999995,c,201410,111005,2014,10,4
226,4,430,.20000005,d,201410,111005,2014,10,4
226,5,430,.20000005,e,201410,111005,2014,10,4
226,6,430,.39999986,f,201410,111005,2014,10,4
226,7,430,1.0000002,g,201410,111005,2014,10,4
226,8,430,2.7,m,201410,111005,2014,10,4
227,1,430,1.3200001,a,201411,111694,2014,11,4
227,2,430,.88,b,201411,111694,2014,11,4
227,3,430,.29999995,c,201411,111694,2014,11,4
227,4,430,.25,d,201411,111694,2014,11,4
227,5,430,.20000005,e,201411,111694,2014,11,4
227,6,430,.39999986,f,201411,111694,2014,11,4
227,7,430,.95000029,g,201411,111694,2014,11,4
227,8,430,2.75,m,201411,111694,2014,11,4
228,1,430,1.3200001,a,201412,111856,2014,12,4
228,2,430,.88,b,201412,111856,2014,12,4
228,3,430,.29999995,c,201412,111856,2014,12,4
228,4,430,.25,d,201412,111856,2014,12,4
228,5,430,.20000005,e,201412,111856,2014,12,4
228,6,430,.39999986,f,201412,111856,2014,12,4
228,7,430,.9000001,g,201412,111856,2014,12,4
228,8,430,2.75,m,201412,111856,2014,12,4
229,1,430,1.3200001,a,201501,112391,2015,1,1
229,2,430,.88,b,201501,112391,2015,1,1
229,3,430,.31999993,c,201501,112391,2015,1,1
229,4,430,.23000002,d,201501,112391,2015,1,1
229,5,430,.20000005,e,201501,112391,2015,1,1
229,6,430,.39999986,f,201501,112391,2015,1,1
229,7,430,.9000001,g,201501,112391,2015,1,1
229,8,430,2.75,m,201501,112391,2015,1,1
230,1,430,1.3200001,a,201502,110155,2015,2,1
230,2,430,.88,b,201502,110155,2015,2,1
230,3,430,.31999993,c,201502,110155,2015,2,1
230,4,430,.23000002,d,201502,110155,2015,2,1
230,5,430,.20000005,e,201502,110155,2015,2,1
230,6,430,.39999986,f,201502,110155,2015,2,1
230,7,430,.95000029,g,201502,110155,2015,2,1
230,8,430,2.75,m,201502,110155,2015,2,1
231,1,430,1.3200001,a,201503,113572,2015,3,1
231,2,430,.88,b,201503,113572,2015,3,1
231,3,430,.3499999,c,201503,113572,2015,3,1
231,4,430,.20000005,d,201503,113572,2015,3,1
231,5,430,.20000005,e,201503,113572,2015,3,1
231,6,430,.39999986,f,201503,113572,2015,3,1
231,7,430,.95000029,g,201503,113572,2015,3,1
231,8,430,2.75,m,201503,113572,2015,3,1
232,1,430,1.3200001,a,201504,115749,2015,4,2
232,2,430,.88,b,201504,115749,2015,4,2
232,3,430,.3499999,c,201504,115749,2015,4,2
232,4,430,.20000005,d,201504,115749,2015,4,2
232,5,430,.20000005,e,201504,115749,2015,4,2
232,6,430,.45000005,f,201504,115749,2015,4,2
232,7,430,.9000001,g,201504,115749,2015,4,2
232,8,430,2.75,m,201504,115749,2015,4,2
233,1,430,1.3200001,a,201505,115916,2015,5,2
233,2,430,.88,b,201505,115916,2015,5,2
233,3,430,.3499999,c,201505,115916,2015,5,2
233,4,430,.25,d,201505,115916,2015,5,2
233,5,430,.1500001,e,201505,115916,2015,5,2
233,6,430,.39999986,f,201505,115916,2015,5,2
233,7,430,.95000029,g,201505,115916,2015,5,2
233,8,430,2.8,m,201505,115916,2015,5,2
234,1,430,1.2,a,201506,116435,2015,6,2
234,2,430,1,b,201506,116435,2015,6,2
234,3,430,.3499999,c,201506,116435,2015,6,2
234,4,430,.25,d,201506,116435,2015,6,2
234,5,430,.1500001,e,201506,116435,2015,6,2
234,6,430,.45000005,f,201506,116435,2015,6,2
234,7,430,.8499999,g,201506,116435,2015,6,2
234,8,430,2.8,m,201506,116435,2015,6,2
235,1,430,1.2,a,201507,114735,2015,7,3
235,2,430,1,b,201507,114735,2015,7,3
235,3,430,.3499999,c,201507,114735,2015,7,3
235,4,430,.25,d,201507,114735,2015,7,3
235,5,430,.19000006,e,201507,114735,2015,7,3
235,6,430,.43500018,f,201507,114735,2015,7,3
235,7,430,.82499981,g,201507,114735,2015,7,3
235,8,430,2.8,m,201507,114735,2015,7,3
236,1,430,1.2,a,201508,115594,2015,8,3
236,2,430,1,b,201508,115594,2015,8,3
236,3,430,.3599999,c,201508,115594,2015,8,3
236,4,430,.24000001,d,201508,115594,2015,8,3
236,5,430,.19000006,e,201508,115594,2015,8,3
236,6,430,.46000004,f,201508,115594,2015,8,3
236,7,430,.79999995,g,201508,115594,2015,8,3
236,8,430,2.8,m,201508,115594,2015,8,3
237,1,430,1.2,a,201509,115161,2015,9,3
237,2,430,1,b,201509,115161,2015,9,3
237,3,430,.39999986,c,201509,115161,2015,9,3
237,4,430,.20000005,d,201509,115161,2015,9,3
237,5,430,.25,e,201509,115161,2015,9,3
237,6,430,.4000001,f,201509,115161,2015,9,3
237,7,430,.79999995,g,201509,115161,2015,9,3
237,8,430,2.8,m,201509,115161,2015,9,3
238,1,430,1.3200001,a,201510,114077,2015,10,4
238,2,430,.88,b,201510,114077,2015,10,4
238,3,430,.39999986,c,201510,114077,2015,10,4
238,4,430,.20000005,d,201510,114077,2015,10,4
238,5,430,.25,e,201510,114077,2015,10,4
238,6,430,.4000001,f,201510,114077,2015,10,4
238,7,430,.74999976,g,201510,114077,2015,10,4
238,8,430,2.8,m,201510,114077,2015,10,4
239,1,430,1.4,a,201511,114172,2015,11,4
239,2,430,.80000007,b,201511,114172,2015,11,4
239,3,430,.39999986,c,201511,114172,2015,11,4
239,4,430,.20000005,d,201511,114172,2015,11,4
239,5,430,.25,e,201511,114172,2015,11,4
239,6,430,.44000006,f,201511,114172,2015,11,4
239,7,430,.7099998,g,201511,114172,2015,11,4
239,8,430,2.8,m,201511,114172,2015,11,4
240,1,430,1.4,a,201512,114689,2015,12,4
240,2,430,.80000007,b,201512,114689,2015,12,4
240,3,430,.39999986,c,201512,114689,2015,12,4
240,4,430,.20000005,d,201512,114689,2015,12,4
240,5,430,.29999995,e,201512,114689,2015,12,4
240,6,430,.35000014,f,201512,114689,2015,12,4
240,7,430,.89999986,g,201512,114689,2015,12,4
240,8,430,2.8,m,201512,114689,2015,12,4
241,1,430,1.6,a,201601,115103,2016,1,1
241,2,430,.60000002,b,201601,115103,2016,1,1
241,3,430,.39999986,c,201601,115103,2016,1,1
241,4,430,.25,d,201601,115103,2016,1,1
241,5,430,.25,e,201601,115103,2016,1,1
241,6,430,.35000014,f,201601,115103,2016,1,1
241,7,430,.89999986,g,201601,115103,2016,1,1
241,8,430,2.8499999,m,201601,115103,2016,1,1
242,1,430,1.6,a,201602,111250,2016,2,1
242,2,430,.64999998,b,201602,111250,2016,2,1
242,3,430,.4000001,c,201602,111250,2016,2,1
242,4,430,.19999981,d,201602,111250,2016,2,1
242,5,430,.25,e,201602,111250,2016,2,1
242,6,430,.4000001,f,201602,111250,2016,2,1
242,7,430,.8499999,g,201602,111250,2016,2,1
242,8,430,2.8499999,m,201602,111250,2016,2,1
243,1,430,1.6,a,201603,114357,2016,3,1
243,2,430,.64999998,b,201603,114357,2016,3,1
243,3,430,.4000001,c,201603,114357,2016,3,1
243,4,430,.19999981,d,201603,114357,2016,3,1
243,5,430,.25,e,201603,114357,2016,3,1
243,6,430,.35000014,f,201603,114357,2016,3,1
243,7,430,.89999986,g,201603,114357,2016,3,1
243,8,430,2.8499999,m,201603,114357,2016,3,1
244,1,430,1.6,a,201604,116203,2016,4,2
244,2,430,.64999998,b,201604,116203,2016,4,2
244,3,430,.4000001,c,201604,116203,2016,4,2
244,4,430,.19999981,d,201604,116203,2016,4,2
244,5,430,.25,e,201604,116203,2016,4,2
244,6,430,.4000001,f,201604,116203,2016,4,2
244,7,430,.8499999,g,201604,116203,2016,4,2
244,8,430,2.8499999,m,201604,116203,2016,4,2
245,1,430,1.5,a,201605,116594,2016,5,2
245,2,430,.70000005,b,201605,116594,2016,5,2
245,3,430,.45000005,c,201605,116594,2016,5,2
245,4,430,.19999981,d,201605,116594,2016,5,2
245,5,430,.30000019,e,201605,116594,2016,5,2
245,6,430,.3499999,f,201605,116594,2016,5,2
245,7,430,.94999981,g,201605,116594,2016,5,2
245,8,430,2.8499999,m,201605,116594,2016,5,2
246,1,430,1.5,a,201606,114659,2016,6,2
246,2,430,.75,b,201606,114659,2016,6,2
246,3,430,.4000001,c,201606,114659,2016,6,2
246,4,430,.19999981,d,201606,114659,2016,6,2
246,5,430,.30000019,e,201606,114659,2016,6,2
246,6,430,.39999986,f,201606,114659,2016,6,2
246,7,430,.89999986,g,201606,114659,2016,6,2
246,8,430,2.8499999,m,201606,114659,2016,6,2
247,1,430,1.5,a,201607,114905,2016,7,3
247,2,430,.75,b,201607,114905,2016,7,3
247,3,430,.4000001,c,201607,114905,2016,7,3
247,4,430,.25,d,201607,114905,2016,7,3
247,5,430,.25,e,201607,114905,2016,7,3
247,6,430,.39999986,f,201607,114905,2016,7,3
247,7,430,.89999986,g,201607,114905,2016,7,3
247,8,430,2.9000001,m,201607,114905,2016,7,3
248,1,430,1.5,a,201608,113603,2016,8,3
248,2,430,.75,b,201608,113603,2016,8,3
248,3,430,.4000001,c,201608,113603,2016,8,3
248,4,430,.25,d,201608,113603,2016,8,3
248,5,430,.25,e,201608,113603,2016,8,3
248,6,430,.44999981,f,201608,113603,2016,8,3
248,7,430,.8499999,g,201608,113603,2016,8,3
248,8,430,2.9000001,m,201608,113603,2016,8,3
249,1,430,1.5,a,201609,114197,2016,9,3
249,2,430,.70000005,b,201609,114197,2016,9,3
249,3,430,.45000005,c,201609,114197,2016,9,3
249,4,430,.25,d,201609,114197,2016,9,3
249,5,430,.25,e,201609,114197,2016,9,3
249,6,430,.39999986,f,201609,114197,2016,9,3
249,7,430,1.0000002,g,201609,114197,2016,9,3
249,8,430,2.9000001,m,201609,114197,2016,9,3
250,1,430,1.5,a,201610,114508,2016,10,4
250,2,430,.70000005,b,201610,114508,2016,10,4
250,3,430,.45000005,c,201610,114508,2016,10,4
250,4,430,.25,d,201610,114508,2016,10,4
250,5,430,.25,e,201610,114508,2016,10,4
250,6,430,.39999986,f,201610,114508,2016,10,4
250,7,430,1.0000002,g,201610,114508,2016,10,4
250,8,430,2.9000001,m,201610,114508,2016,10,4
251,1,430,1.5,a,201611,114395,2016,11,4
251,2,430,.75,b,201611,114395,2016,11,4
251,3,430,.4000001,c,201611,114395,2016,11,4
251,4,430,.25,d,201611,114395,2016,11,4
251,5,430,.29999995,e,201611,114395,2016,11,4
251,6,430,.39999986,f,201611,114395,2016,11,4
251,7,430,.95000029,g,201611,114395,2016,11,4
251,8,430,2.9000001,m,201611,114395,2016,11,4
252,1,430,1.5,a,201612,115664,2016,12,4
252,2,430,.75,b,201612,115664,2016,12,4
252,3,430,.45000005,c,201612,115664,2016,12,4
252,4,430,.25,d,201612,115664,2016,12,4
252,5,430,.25,e,201612,115664,2016,12,4
252,6,430,.39999986,f,201612,115664,2016,12,4
252,7,430,1.0500002,g,201612,115664,2016,12,4
252,8,430,2.95,m,201612,115664,2016,12,4
253,1,430,1.5,a,201701,115514,2017,1,1
253,2,430,.75,b,201701,115514,2017,1,1
253,3,430,.45000005,c,201701,115514,2017,1,1
253,4,430,.25,d,201701,115514,2017,1,1
253,5,430,.29999995,e,201701,115514,2017,1,1
253,6,430,.3499999,f,201701,115514,2017,1,1
253,7,430,1.0500002,g,201701,115514,2017,1,1
253,8,430,2.95,m,201701,115514,2017,1,1
254,1,430,1.5,a,201702,113871,2017,2,1
254,2,430,.75,b,201702,113871,2017,2,1
254,3,430,.45000005,c,201702,113871,2017,2,1
254,4,430,.29999995,d,201702,113871,2017,2,1
254,5,430,.25,e,201702,113871,2017,2,1
254,6,430,.4000001,f,201702,113871,2017,2,1
254,7,430,1.0999999,g,201702,113871,2017,2,1
254,8,430,3,m,201702,113871,2017,2,1
255,1,430,1.5,a,201703,115353,2017,3,1
255,2,430,.75,b,201703,115353,2017,3,1
255,3,430,.45000005,c,201703,115353,2017,3,1
255,4,430,.29999995,d,201703,115353,2017,3,1
255,5,430,.25,e,201703,115353,2017,3,1
255,6,430,.4000001,f,201703,115353,2017,3,1
255,7,430,1.0999999,g,201703,115353,2017,3,1
255,8,430,3,m,201703,115353,2017,3,1
256,1,430,1.55,a,201704,116734,2017,4,2
256,2,430,.75,b,201704,116734,2017,4,2
256,3,430,.4000001,c,201704,116734,2017,4,2
256,4,430,.29999995,d,201704,116734,2017,4,2
256,5,430,.25,e,201704,116734,2017,4,2
256,6,430,.4000001,f,201704,116734,2017,4,2
256,7,430,1.0999999,g,201704,116734,2017,4,2
256,8,430,3,m,201704,116734,2017,4,2
257,1,430,1.5,a,201705,117085,2017,5,2
257,2,430,.79999995,b,201705,117085,2017,5,2
257,3,430,.4000001,c,201705,117085,2017,5,2
257,4,430,.29999995,d,201705,117085,2017,5,2
257,5,430,.25,e,201705,117085,2017,5,2
257,6,430,.4000001,f,201705,117085,2017,5,2
257,7,430,1.0999999,g,201705,117085,2017,5,2
257,8,430,3,m,201705,117085,2017,5,2
258,1,430,1.55,a,201706,117261,2017,6,2
258,2,430,.75,b,201706,117261,2017,6,2
258,3,430,.4000001,c,201706,117261,2017,6,2
258,4,430,.29999995,d,201706,117261,2017,6,2
258,5,430,.29999995,e,201706,117261,2017,6,2
258,6,430,.35000014,f,201706,117261,2017,6,2
258,7,430,1.0999999,g,201706,117261,2017,6,2
258,8,430,3,m,201706,117261,2017,6,2
259,1,430,1.55,a,201707,117558,2017,7,3
259,2,430,.75,b,201707,117558,2017,7,3
259,3,430,.45000005,c,201707,117558,2017,7,3
259,4,430,.25,d,201707,117558,2017,7,3
259,5,430,.29999995,e,201707,117558,2017,7,3
259,6,430,.35000014,f,201707,117558,2017,7,3
259,7,430,1.1999998,g,201707,117558,2017,7,3
259,8,430,3,m,201707,117558,2017,7,3
260,1,430,1.55,a,201708,116888,2017,8,3
260,2,430,.75,b,201708,116888,2017,8,3
260,3,430,.45000005,c,201708,116888,2017,8,3
260,4,430,.25,d,201708,116888,2017,8,3
260,5,430,.29999995,e,201708,116888,2017,8,3
260,6,430,.4000001,f,201708,116888,2017,8,3
260,7,430,1.1499999,g,201708,116888,2017,8,3
260,8,430,3,m,201708,116888,2017,8,3
