date,percentile,item,value,price,quote_date,observations,year,month,quarter
1,0,430,.79000002,min,199601,135217,1996,1,1
1,10,430,1.0599999,p10,199601,135217,1996,1,1
1,30,430,1.14,p30,199601,135217,1996,1,1
1,50,430,1.2,p50,199601,135217,1996,1,1
1,70,430,1.25,p70,199601,135217,1996,1,1
1,90,430,1.35,p90,199601,135217,1996,1,1
1,100,430,1.75,max,199601,135217,1996,1,1
2,0,430,.80000001,min,199602,128475,1996,2,1
2,10,430,1.1,p10,199602,128475,1996,2,1
2,30,430,1.15,p30,199602,128475,1996,2,1
2,50,430,1.2,p50,199602,128475,1996,2,1
2,70,430,1.25,p70,199602,128475,1996,2,1
2,90,430,1.37,p90,199602,128475,1996,2,1
2,100,430,1.9,max,199602,128475,1996,2,1
3,0,430,.80000001,min,199603,129690,1996,3,1
3,10,430,1.1,p10,199603,129690,1996,3,1
3,30,430,1.15,p30,199603,129690,1996,3,1
3,50,430,1.2,p50,199603,129690,1996,3,1
3,70,430,1.26,p70,199603,129690,1996,3,1
3,90,430,1.38,p90,199603,129690,1996,3,1
3,100,430,2,max,199603,129690,1996,3,1
4,0,430,.80000001,min,199604,133080,1996,4,2
4,10,430,1.1,p10,199604,133080,1996,4,2
4,30,430,1.15,p30,199604,133080,1996,4,2
4,50,430,1.2,p50,199604,133080,1996,4,2
4,70,430,1.27,p70,199604,133080,1996,4,2
4,90,430,1.4,p90,199604,133080,1996,4,2
4,100,430,2,max,199604,133080,1996,4,2
5,0,430,.85000002,min,199605,137164,1996,5,2
5,10,430,1.1,p10,199605,137164,1996,5,2
5,30,430,1.15,p30,199605,137164,1996,5,2
5,50,430,1.2,p50,199605,137164,1996,5,2
5,70,430,1.28,p70,199605,137164,1996,5,2
5,90,430,1.4,p90,199605,137164,1996,5,2
5,100,430,2,max,199605,137164,1996,5,2
6,0,430,.85000002,min,199606,140810,1996,6,2
6,10,430,1.1,p10,199606,140810,1996,6,2
6,30,430,1.17,p30,199606,140810,1996,6,2
6,50,430,1.22,p50,199606,140810,1996,6,2
6,70,430,1.3,p70,199606,140810,1996,6,2
6,90,430,1.4,p90,199606,140810,1996,6,2
6,100,430,2,max,199606,140810,1996,6,2
7,0,430,.85000002,min,199607,140864,1996,7,3
7,10,430,1.1,p10,199607,140864,1996,7,3
7,30,430,1.1799999,p30,199607,140864,1996,7,3
7,50,430,1.22,p50,199607,140864,1996,7,3
7,70,430,1.3,p70,199607,140864,1996,7,3
7,90,430,1.4,p90,199607,140864,1996,7,3
7,100,430,2,max,199607,140864,1996,7,3
8,0,430,.88999999,min,199608,115492,1996,8,3
8,10,430,1.1,p10,199608,115492,1996,8,3
8,30,430,1.2,p30,199608,115492,1996,8,3
8,50,430,1.25,p50,199608,115492,1996,8,3
8,70,430,1.3,p70,199608,115492,1996,8,3
8,90,430,1.45,p90,199608,115492,1996,8,3
8,100,430,1.9,max,199608,115492,1996,8,3
9,0,430,.88999999,min,199609,115206,1996,9,3
9,10,430,1.1,p10,199609,115206,1996,9,3
9,30,430,1.2,p30,199609,115206,1996,9,3
9,50,430,1.25,p50,199609,115206,1996,9,3
9,70,430,1.3,p70,199609,115206,1996,9,3
9,90,430,1.45,p90,199609,115206,1996,9,3
9,100,430,2,max,199609,115206,1996,9,3
10,0,430,.88999999,min,199610,115920,1996,10,4
10,10,430,1.1,p10,199610,115920,1996,10,4
10,30,430,1.2,p30,199610,115920,1996,10,4
10,50,430,1.25,p50,199610,115920,1996,10,4
10,70,430,1.3,p70,199610,115920,1996,10,4
10,90,430,1.45,p90,199610,115920,1996,10,4
10,100,430,2,max,199610,115920,1996,10,4
11,0,430,.88999999,min,199611,115705,1996,11,4
11,10,430,1.1,p10,199611,115705,1996,11,4
11,30,430,1.2,p30,199611,115705,1996,11,4
11,50,430,1.25,p50,199611,115705,1996,11,4
11,70,430,1.3,p70,199611,115705,1996,11,4
11,90,430,1.45,p90,199611,115705,1996,11,4
11,100,430,2,max,199611,115705,1996,11,4
12,0,430,.88999999,min,199612,118548,1996,12,4
12,10,430,1.1,p10,199612,118548,1996,12,4
12,30,430,1.2,p30,199612,118548,1996,12,4
12,50,430,1.25,p50,199612,118548,1996,12,4
12,70,430,1.3,p70,199612,118548,1996,12,4
12,90,430,1.45,p90,199612,118548,1996,12,4
12,100,430,1.75,max,199612,118548,1996,12,4
13,0,430,.88999999,min,199701,115066,1997,1,1
13,10,430,1.1,p10,199701,115066,1997,1,1
13,30,430,1.2,p30,199701,115066,1997,1,1
13,50,430,1.25,p50,199701,115066,1997,1,1
13,70,430,1.3,p70,199701,115066,1997,1,1
13,90,430,1.45,p90,199701,115066,1997,1,1
13,100,430,1.75,max,199701,115066,1997,1,1
14,0,430,.88999999,min,199702,110875,1997,2,1
14,10,430,1.1,p10,199702,110875,1997,2,1
14,30,430,1.2,p30,199702,110875,1997,2,1
14,50,430,1.25,p50,199702,110875,1997,2,1
14,70,430,1.3,p70,199702,110875,1997,2,1
14,90,430,1.47,p90,199702,110875,1997,2,1
14,100,430,1.95,max,199702,110875,1997,2,1
15,0,430,.88999999,min,199703,109998,1997,3,1
15,10,430,1.1,p10,199703,109998,1997,3,1
15,30,430,1.2,p30,199703,109998,1997,3,1
15,50,430,1.25,p50,199703,109998,1997,3,1
15,70,430,1.3,p70,199703,109998,1997,3,1
15,90,430,1.48,p90,199703,109998,1997,3,1
15,100,430,2,max,199703,109998,1997,3,1
16,0,430,.88999999,min,199704,113453,1997,4,2
16,10,430,1.1,p10,199704,113453,1997,4,2
16,30,430,1.2,p30,199704,113453,1997,4,2
16,50,430,1.25,p50,199704,113453,1997,4,2
16,70,430,1.3099999,p70,199704,113453,1997,4,2
16,90,430,1.49,p90,199704,113453,1997,4,2
16,100,430,2,max,199704,113453,1997,4,2
17,0,430,.88999999,min,199705,115925,1997,5,2
17,10,430,1.1,p10,199705,115925,1997,5,2
17,30,430,1.2,p30,199705,115925,1997,5,2
17,50,430,1.25,p50,199705,115925,1997,5,2
17,70,430,1.34,p70,199705,115925,1997,5,2
17,90,430,1.5,p90,199705,115925,1997,5,2
17,100,430,2,max,199705,115925,1997,5,2
18,0,430,.88999999,min,199706,117991,1997,6,2
18,10,430,1.1,p10,199706,117991,1997,6,2
18,30,430,1.2,p30,199706,117991,1997,6,2
18,50,430,1.26,p50,199706,117991,1997,6,2
18,70,430,1.35,p70,199706,117991,1997,6,2
18,90,430,1.5,p90,199706,117991,1997,6,2
18,100,430,2,max,199706,117991,1997,6,2
19,0,430,.89999998,min,199707,117097,1997,7,3
19,10,430,1.1,p10,199707,117097,1997,7,3
19,30,430,1.2,p30,199707,117097,1997,7,3
19,50,430,1.28,p50,199707,117097,1997,7,3
19,70,430,1.35,p70,199707,117097,1997,7,3
19,90,430,1.5,p90,199707,117097,1997,7,3
19,100,430,2,max,199707,117097,1997,7,3
20,0,430,.89999998,min,199708,116468,1997,8,3
20,10,430,1.1,p10,199708,116468,1997,8,3
20,30,430,1.21,p30,199708,116468,1997,8,3
20,50,430,1.29,p50,199708,116468,1997,8,3
20,70,430,1.35,p70,199708,116468,1997,8,3
20,90,430,1.5,p90,199708,116468,1997,8,3
20,100,430,2,max,199708,116468,1997,8,3
21,0,430,.89999998,min,199709,117493,1997,9,3
21,10,430,1.1,p10,199709,117493,1997,9,3
21,30,430,1.21,p30,199709,117493,1997,9,3
21,50,430,1.29,p50,199709,117493,1997,9,3
21,70,430,1.35,p70,199709,117493,1997,9,3
21,90,430,1.5,p90,199709,117493,1997,9,3
21,100,430,2,max,199709,117493,1997,9,3
22,0,430,.89999998,min,199710,116903,1997,10,4
22,10,430,1.1,p10,199710,116903,1997,10,4
22,30,430,1.21,p30,199710,116903,1997,10,4
22,50,430,1.3,p50,199710,116903,1997,10,4
22,70,430,1.35,p70,199710,116903,1997,10,4
22,90,430,1.5,p90,199710,116903,1997,10,4
22,100,430,2.05,max,199710,116903,1997,10,4
23,0,430,.89999998,min,199711,117466,1997,11,4
23,10,430,1.1,p10,199711,117466,1997,11,4
23,30,430,1.21,p30,199711,117466,1997,11,4
23,50,430,1.3,p50,199711,117466,1997,11,4
23,70,430,1.35,p70,199711,117466,1997,11,4
23,90,430,1.5,p90,199711,117466,1997,11,4
23,100,430,2.05,max,199711,117466,1997,11,4
24,0,430,.89999998,min,199712,117037,1997,12,4
24,10,430,1.15,p10,199712,117037,1997,12,4
24,30,430,1.22,p30,199712,117037,1997,12,4
24,50,430,1.3,p50,199712,117037,1997,12,4
24,70,430,1.35,p70,199712,117037,1997,12,4
24,90,430,1.5,p90,199712,117037,1997,12,4
24,100,430,2.05,max,199712,117037,1997,12,4
25,0,430,.89999998,min,199801,114963,1998,1,1
25,10,430,1.15,p10,199801,114963,1998,1,1
25,30,430,1.25,p30,199801,114963,1998,1,1
25,50,430,1.3,p50,199801,114963,1998,1,1
25,70,430,1.37,p70,199801,114963,1998,1,1
25,90,430,1.51,p90,199801,114963,1998,1,1
25,100,430,2.05,max,199801,114963,1998,1,1
26,0,430,.85000002,min,199802,103176,1998,2,1
26,10,430,1.15,p10,199802,103176,1998,2,1
26,30,430,1.25,p30,199802,103176,1998,2,1
26,50,430,1.3,p50,199802,103176,1998,2,1
26,70,430,1.37,p70,199802,103176,1998,2,1
26,90,430,1.5,p90,199802,103176,1998,2,1
26,100,430,2,max,199802,103176,1998,2,1
27,0,430,.85000002,min,199803,105534,1998,3,1
27,10,430,1.15,p10,199803,105534,1998,3,1
27,30,430,1.25,p30,199803,105534,1998,3,1
27,50,430,1.3,p50,199803,105534,1998,3,1
27,70,430,1.38,p70,199803,105534,1998,3,1
27,90,430,1.5,p90,199803,105534,1998,3,1
27,100,430,2,max,199803,105534,1998,3,1
28,0,430,.85000002,min,199804,107420,1998,4,2
28,10,430,1.15,p10,199804,107420,1998,4,2
28,30,430,1.25,p30,199804,107420,1998,4,2
28,50,430,1.3,p50,199804,107420,1998,4,2
28,70,430,1.39,p70,199804,107420,1998,4,2
28,90,430,1.51,p90,199804,107420,1998,4,2
28,100,430,1.95,max,199804,107420,1998,4,2
29,0,430,.85000002,min,199805,108996,1998,5,2
29,10,430,1.15,p10,199805,108996,1998,5,2
29,30,430,1.25,p30,199805,108996,1998,5,2
29,50,430,1.3,p50,199805,108996,1998,5,2
29,70,430,1.4,p70,199805,108996,1998,5,2
29,90,430,1.54,p90,199805,108996,1998,5,2
29,100,430,2,max,199805,108996,1998,5,2
30,0,430,.85000002,min,199806,111197,1998,6,2
30,10,430,1.15,p10,199806,111197,1998,6,2
30,30,430,1.25,p30,199806,111197,1998,6,2
30,50,430,1.3150001,p50,199806,111197,1998,6,2
30,70,430,1.4,p70,199806,111197,1998,6,2
30,90,430,1.545,p90,199806,111197,1998,6,2
30,100,430,2,max,199806,111197,1998,6,2
31,0,430,.69999999,min,199807,109358,1998,7,3
31,10,430,1.15,p10,199807,109358,1998,7,3
31,30,430,1.25,p30,199807,109358,1998,7,3
31,50,430,1.3200001,p50,199807,109358,1998,7,3
31,70,430,1.4,p70,199807,109358,1998,7,3
31,90,430,1.55,p90,199807,109358,1998,7,3
31,100,430,2,max,199807,109358,1998,7,3
32,0,430,.69999999,min,199808,107998,1998,8,3
32,10,430,1.15,p10,199808,107998,1998,8,3
32,30,430,1.25,p30,199808,107998,1998,8,3
32,50,430,1.34,p50,199808,107998,1998,8,3
32,70,430,1.4,p70,199808,107998,1998,8,3
32,90,430,1.55,p90,199808,107998,1998,8,3
32,100,430,2,max,199808,107998,1998,8,3
33,0,430,.69999999,min,199809,108945,1998,9,3
33,10,430,1.15,p10,199809,108945,1998,9,3
33,30,430,1.25,p30,199809,108945,1998,9,3
33,50,430,1.34,p50,199809,108945,1998,9,3
33,70,430,1.4,p70,199809,108945,1998,9,3
33,90,430,1.55,p90,199809,108945,1998,9,3
33,100,430,2.05,max,199809,108945,1998,9,3
34,0,430,.85000002,min,199810,108337,1998,10,4
34,10,430,1.15,p10,199810,108337,1998,10,4
34,30,430,1.25,p30,199810,108337,1998,10,4
34,50,430,1.34,p50,199810,108337,1998,10,4
34,70,430,1.4,p70,199810,108337,1998,10,4
34,90,430,1.55,p90,199810,108337,1998,10,4
34,100,430,2.05,max,199810,108337,1998,10,4
35,0,430,.85000002,min,199811,109957,1998,11,4
35,10,430,1.15,p10,199811,109957,1998,11,4
35,30,430,1.25,p30,199811,109957,1998,11,4
35,50,430,1.35,p50,199811,109957,1998,11,4
35,70,430,1.405,p70,199811,109957,1998,11,4
35,90,430,1.55,p90,199811,109957,1998,11,4
35,100,430,2,max,199811,109957,1998,11,4
36,0,430,.85000002,min,199812,109762,1998,12,4
36,10,430,1.15,p10,199812,109762,1998,12,4
36,30,430,1.25,p30,199812,109762,1998,12,4
36,50,430,1.35,p50,199812,109762,1998,12,4
36,70,430,1.42,p70,199812,109762,1998,12,4
36,90,430,1.55,p90,199812,109762,1998,12,4
36,100,430,2.05,max,199812,109762,1998,12,4
37,0,430,.85000002,min,199901,76743,1999,1,1
37,10,430,1.15,p10,199901,76743,1999,1,1
37,30,430,1.25,p30,199901,76743,1999,1,1
37,50,430,1.35,p50,199901,76743,1999,1,1
37,70,430,1.4299999,p70,199901,76743,1999,1,1
37,90,430,1.55,p90,199901,76743,1999,1,1
37,100,430,2.05,max,199901,76743,1999,1,1
38,0,430,.85000002,min,199902,103656,1999,2,1
38,10,430,1.1799999,p10,199902,103656,1999,2,1
38,30,430,1.27,p30,199902,103656,1999,2,1
38,50,430,1.35,p50,199902,103656,1999,2,1
38,70,430,1.45,p70,199902,103656,1999,2,1
38,90,430,1.59,p90,199902,103656,1999,2,1
38,100,430,2.05,max,199902,103656,1999,2,1
39,0,430,.85000002,min,199903,106008,1999,3,1
39,10,430,1.2,p10,199903,106008,1999,3,1
39,30,430,1.28,p30,199903,106008,1999,3,1
39,50,430,1.35,p50,199903,106008,1999,3,1
39,70,430,1.45,p70,199903,106008,1999,3,1
39,90,430,1.6,p90,199903,106008,1999,3,1
39,100,430,2.05,max,199903,106008,1999,3,1
40,0,430,.85000002,min,199904,107755,1999,4,2
40,10,430,1.2,p10,199904,107755,1999,4,2
40,30,430,1.28,p30,199904,107755,1999,4,2
40,50,430,1.35,p50,199904,107755,1999,4,2
40,70,430,1.45,p70,199904,107755,1999,4,2
40,90,430,1.6,p90,199904,107755,1999,4,2
40,100,430,2.05,max,199904,107755,1999,4,2
41,0,430,.85000002,min,199905,109333,1999,5,2
41,10,430,1.2,p10,199905,109333,1999,5,2
41,30,430,1.3,p30,199905,109333,1999,5,2
41,50,430,1.37,p50,199905,109333,1999,5,2
41,70,430,1.45,p70,199905,109333,1999,5,2
41,90,430,1.6,p90,199905,109333,1999,5,2
41,100,430,2.05,max,199905,109333,1999,5,2
42,0,430,.89999998,min,199906,110802,1999,6,2
42,10,430,1.2,p10,199906,110802,1999,6,2
42,30,430,1.3,p30,199906,110802,1999,6,2
42,50,430,1.37,p50,199906,110802,1999,6,2
42,70,430,1.45,p70,199906,110802,1999,6,2
42,90,430,1.6,p90,199906,110802,1999,6,2
42,100,430,2.05,max,199906,110802,1999,6,2
43,0,430,.89999998,min,199907,109821,1999,7,3
43,10,430,1.2,p10,199907,109821,1999,7,3
43,30,430,1.3,p30,199907,109821,1999,7,3
43,50,430,1.39,p50,199907,109821,1999,7,3
43,70,430,1.46,p70,199907,109821,1999,7,3
43,90,430,1.6,p90,199907,109821,1999,7,3
43,100,430,2.05,max,199907,109821,1999,7,3
44,0,430,.89999998,min,199908,107825,1999,8,3
44,10,430,1.2,p10,199908,107825,1999,8,3
44,30,430,1.3,p30,199908,107825,1999,8,3
44,50,430,1.39,p50,199908,107825,1999,8,3
44,70,430,1.45,p70,199908,107825,1999,8,3
44,90,430,1.6,p90,199908,107825,1999,8,3
44,100,430,2.05,max,199908,107825,1999,8,3
45,0,430,.89999998,min,199909,108168,1999,9,3
45,10,430,1.2,p10,199909,108168,1999,9,3
45,30,430,1.3,p30,199909,108168,1999,9,3
45,50,430,1.4,p50,199909,108168,1999,9,3
45,70,430,1.47,p70,199909,108168,1999,9,3
45,90,430,1.6,p90,199909,108168,1999,9,3
45,100,430,2.05,max,199909,108168,1999,9,3
46,0,430,.94999999,min,199910,108488,1999,10,4
46,10,430,1.2,p10,199910,108488,1999,10,4
46,30,430,1.3,p30,199910,108488,1999,10,4
46,50,430,1.4,p50,199910,108488,1999,10,4
46,70,430,1.48,p70,199910,108488,1999,10,4
46,90,430,1.6,p90,199910,108488,1999,10,4
46,100,430,2.05,max,199910,108488,1999,10,4
47,0,430,.89999998,min,199911,108831,1999,11,4
47,10,430,1.2,p10,199911,108831,1999,11,4
47,30,430,1.3,p30,199911,108831,1999,11,4
47,50,430,1.4,p50,199911,108831,1999,11,4
47,70,430,1.48,p70,199911,108831,1999,11,4
47,90,430,1.62,p90,199911,108831,1999,11,4
47,100,430,2.05,max,199911,108831,1999,11,4
48,0,430,.89999998,min,199912,110355,1999,12,4
48,10,430,1.2,p10,199912,110355,1999,12,4
48,30,430,1.3,p30,199912,110355,1999,12,4
48,50,430,1.4,p50,199912,110355,1999,12,4
48,70,430,1.5,p70,199912,110355,1999,12,4
48,90,430,1.62,p90,199912,110355,1999,12,4
48,100,430,2.05,max,199912,110355,1999,12,4
49,0,430,.89999998,min,200001,105726,2000,1,1
49,10,430,1.2,p10,200001,105726,2000,1,1
49,30,430,1.3,p30,200001,105726,2000,1,1
49,50,430,1.4,p50,200001,105726,2000,1,1
49,70,430,1.5,p70,200001,105726,2000,1,1
49,90,430,1.65,p90,200001,105726,2000,1,1
49,100,430,2.25,max,200001,105726,2000,1,1
50,0,430,.89999998,min,200002,99482,2000,2,1
50,10,430,1.2,p10,200002,99482,2000,2,1
50,30,430,1.3,p30,200002,99482,2000,2,1
50,50,430,1.4,p50,200002,99482,2000,2,1
50,70,430,1.5,p70,200002,99482,2000,2,1
50,90,430,1.6,p90,200002,99482,2000,2,1
50,100,430,2.05,max,200002,99482,2000,2,1
51,0,430,.89999998,min,200003,103483,2000,3,1
51,10,430,1.2,p10,200003,103483,2000,3,1
51,30,430,1.3,p30,200003,103483,2000,3,1
51,50,430,1.4,p50,200003,103483,2000,3,1
51,70,430,1.5,p70,200003,103483,2000,3,1
51,90,430,1.65,p90,200003,103483,2000,3,1
51,100,430,2.05,max,200003,103483,2000,3,1
52,0,430,.89999998,min,200004,105946,2000,4,2
52,10,430,1.2,p10,200004,105946,2000,4,2
52,30,430,1.3,p30,200004,105946,2000,4,2
52,50,430,1.4,p50,200004,105946,2000,4,2
52,70,430,1.5,p70,200004,105946,2000,4,2
52,90,430,1.665,p90,200004,105946,2000,4,2
52,100,430,2.05,max,200004,105946,2000,4,2
53,0,430,.89999998,min,200005,107291,2000,5,2
53,10,430,1.2,p10,200005,107291,2000,5,2
53,30,430,1.3,p30,200005,107291,2000,5,2
53,50,430,1.4,p50,200005,107291,2000,5,2
53,70,430,1.5,p70,200005,107291,2000,5,2
53,90,430,1.65,p90,200005,107291,2000,5,2
53,100,430,2.05,max,200005,107291,2000,5,2
54,0,430,.89999998,min,200006,106382,2000,6,2
54,10,430,1.2,p10,200006,106382,2000,6,2
54,30,430,1.3200001,p30,200006,106382,2000,6,2
54,50,430,1.4,p50,200006,106382,2000,6,2
54,70,430,1.5,p70,200006,106382,2000,6,2
54,90,430,1.7,p90,200006,106382,2000,6,2
54,100,430,2.05,max,200006,106382,2000,6,2
55,0,430,.89999998,min,200007,107181,2000,7,3
55,10,430,1.2,p10,200007,107181,2000,7,3
55,30,430,1.3200001,p30,200007,107181,2000,7,3
55,50,430,1.4,p50,200007,107181,2000,7,3
55,70,430,1.5,p70,200007,107181,2000,7,3
55,90,430,1.7,p90,200007,107181,2000,7,3
55,100,430,2.05,max,200007,107181,2000,7,3
56,0,430,.89999998,min,200008,104005,2000,8,3
56,10,430,1.2,p10,200008,104005,2000,8,3
56,30,430,1.3099999,p30,200008,104005,2000,8,3
56,50,430,1.4,p50,200008,104005,2000,8,3
56,70,430,1.5,p70,200008,104005,2000,8,3
56,90,430,1.7,p90,200008,104005,2000,8,3
56,100,430,2.05,max,200008,104005,2000,8,3
57,0,430,.89999998,min,200009,104244,2000,9,3
57,10,430,1.2,p10,200009,104244,2000,9,3
57,30,430,1.34,p30,200009,104244,2000,9,3
57,50,430,1.42,p50,200009,104244,2000,9,3
57,70,430,1.5,p70,200009,104244,2000,9,3
57,90,430,1.7,p90,200009,104244,2000,9,3
57,100,430,2.05,max,200009,104244,2000,9,3
58,0,430,.89999998,min,200010,105201,2000,10,4
58,10,430,1.2,p10,200010,105201,2000,10,4
58,30,430,1.34,p30,200010,105201,2000,10,4
58,50,430,1.42,p50,200010,105201,2000,10,4
58,70,430,1.5,p70,200010,105201,2000,10,4
58,90,430,1.7,p90,200010,105201,2000,10,4
58,100,430,2.05,max,200010,105201,2000,10,4
59,0,430,.94999999,min,200011,105619,2000,11,4
59,10,430,1.2,p10,200011,105619,2000,11,4
59,30,430,1.35,p30,200011,105619,2000,11,4
59,50,430,1.42,p50,200011,105619,2000,11,4
59,70,430,1.5,p70,200011,105619,2000,11,4
59,90,430,1.7,p90,200011,105619,2000,11,4
59,100,430,2.05,max,200011,105619,2000,11,4
60,0,430,.94999999,min,200012,106011,2000,12,4
60,10,430,1.2,p10,200012,106011,2000,12,4
60,30,430,1.35,p30,200012,106011,2000,12,4
60,50,430,1.45,p50,200012,106011,2000,12,4
60,70,430,1.5,p70,200012,106011,2000,12,4
60,90,430,1.7,p90,200012,106011,2000,12,4
60,100,430,2.1500001,max,200012,106011,2000,12,4
61,0,430,.94999999,min,200101,102384,2001,1,1
61,10,430,1.2,p10,200101,102384,2001,1,1
61,30,430,1.35,p30,200101,102384,2001,1,1
61,50,430,1.45,p50,200101,102384,2001,1,1
61,70,430,1.52,p70,200101,102384,2001,1,1
61,90,430,1.7,p90,200101,102384,2001,1,1
61,100,430,2.1500001,max,200101,102384,2001,1,1
62,0,430,.94999999,min,200102,103847,2001,2,1
62,10,430,1.2,p10,200102,103847,2001,2,1
62,30,430,1.35,p30,200102,103847,2001,2,1
62,50,430,1.45,p50,200102,103847,2001,2,1
62,70,430,1.52,p70,200102,103847,2001,2,1
62,90,430,1.7,p90,200102,103847,2001,2,1
62,100,430,2.1500001,max,200102,103847,2001,2,1
63,0,430,.94999999,min,200103,104547,2001,3,1
63,10,430,1.2,p10,200103,104547,2001,3,1
63,30,430,1.35,p30,200103,104547,2001,3,1
63,50,430,1.45,p50,200103,104547,2001,3,1
63,70,430,1.52,p70,200103,104547,2001,3,1
63,90,430,1.75,p90,200103,104547,2001,3,1
63,100,430,2.1500001,max,200103,104547,2001,3,1
64,0,430,.94999999,min,200104,105630,2001,4,2
64,10,430,1.22,p10,200104,105630,2001,4,2
64,30,430,1.35,p30,200104,105630,2001,4,2
64,50,430,1.45,p50,200104,105630,2001,4,2
64,70,430,1.55,p70,200104,105630,2001,4,2
64,90,430,1.75,p90,200104,105630,2001,4,2
64,100,430,2.1500001,max,200104,105630,2001,4,2
65,0,430,.94999999,min,200105,107923,2001,5,2
65,10,430,1.25,p10,200105,107923,2001,5,2
65,30,430,1.36,p30,200105,107923,2001,5,2
65,50,430,1.45,p50,200105,107923,2001,5,2
65,70,430,1.55,p70,200105,107923,2001,5,2
65,90,430,1.75,p90,200105,107923,2001,5,2
65,100,430,2.2,max,200105,107923,2001,5,2
66,0,430,.94999999,min,200106,109466,2001,6,2
66,10,430,1.22,p10,200106,109466,2001,6,2
66,30,430,1.35,p30,200106,109466,2001,6,2
66,50,430,1.45,p50,200106,109466,2001,6,2
66,70,430,1.55,p70,200106,109466,2001,6,2
66,90,430,1.8,p90,200106,109466,2001,6,2
66,100,430,2.2,max,200106,109466,2001,6,2
67,0,430,.94999999,min,200107,108429,2001,7,3
67,10,430,1.25,p10,200107,108429,2001,7,3
67,30,430,1.36,p30,200107,108429,2001,7,3
67,50,430,1.45,p50,200107,108429,2001,7,3
67,70,430,1.55,p70,200107,108429,2001,7,3
67,90,430,1.8,p90,200107,108429,2001,7,3
67,100,430,2.3,max,200107,108429,2001,7,3
68,0,430,.94999999,min,200108,106824,2001,8,3
68,10,430,1.25,p10,200108,106824,2001,8,3
68,30,430,1.38,p30,200108,106824,2001,8,3
68,50,430,1.47,p50,200108,106824,2001,8,3
68,70,430,1.55,p70,200108,106824,2001,8,3
68,90,430,1.8,p90,200108,106824,2001,8,3
68,100,430,2.3,max,200108,106824,2001,8,3
69,0,430,.94999999,min,200109,105559,2001,9,3
69,10,430,1.25,p10,200109,105559,2001,9,3
69,30,430,1.4,p30,200109,105559,2001,9,3
69,50,430,1.5,p50,200109,105559,2001,9,3
69,70,430,1.6,p70,200109,105559,2001,9,3
69,90,430,1.8,p90,200109,105559,2001,9,3
69,100,430,2.29,max,200109,105559,2001,9,3
70,0,430,.94999999,min,200110,106797,2001,10,4
70,10,430,1.25,p10,200110,106797,2001,10,4
70,30,430,1.4,p30,200110,106797,2001,10,4
70,50,430,1.5,p50,200110,106797,2001,10,4
70,70,430,1.6,p70,200110,106797,2001,10,4
70,90,430,1.8,p90,200110,106797,2001,10,4
70,100,430,2.3,max,200110,106797,2001,10,4
71,0,430,.94999999,min,200111,107492,2001,11,4
71,10,430,1.25,p10,200111,107492,2001,11,4
71,30,430,1.4,p30,200111,107492,2001,11,4
71,50,430,1.5,p50,200111,107492,2001,11,4
71,70,430,1.6,p70,200111,107492,2001,11,4
71,90,430,1.8,p90,200111,107492,2001,11,4
71,100,430,2.3,max,200111,107492,2001,11,4
72,0,430,.94999999,min,200112,106558,2001,12,4
72,10,430,1.25,p10,200112,106558,2001,12,4
72,30,430,1.4,p30,200112,106558,2001,12,4
72,50,430,1.5,p50,200112,106558,2001,12,4
72,70,430,1.6,p70,200112,106558,2001,12,4
72,90,430,1.8,p90,200112,106558,2001,12,4
72,100,430,2.3,max,200112,106558,2001,12,4
73,0,430,.94999999,min,200201,104218,2002,1,1
73,10,430,1.25,p10,200201,104218,2002,1,1
73,30,430,1.4,p30,200201,104218,2002,1,1
73,50,430,1.5,p50,200201,104218,2002,1,1
73,70,430,1.6,p70,200201,104218,2002,1,1
73,90,430,1.8,p90,200201,104218,2002,1,1
73,100,430,2.3,max,200201,104218,2002,1,1
74,0,430,.86000001,min,200202,101940,2002,2,1
74,10,430,1.25,p10,200202,101940,2002,2,1
74,30,430,1.4,p30,200202,101940,2002,2,1
74,50,430,1.5,p50,200202,101940,2002,2,1
74,70,430,1.6,p70,200202,101940,2002,2,1
74,90,430,1.8,p90,200202,101940,2002,2,1
74,100,430,2.5,max,200202,101940,2002,2,1
75,0,430,.97000003,min,200203,104476,2002,3,1
75,10,430,1.25,p10,200203,104476,2002,3,1
75,30,430,1.4,p30,200203,104476,2002,3,1
75,50,430,1.5,p50,200203,104476,2002,3,1
75,70,430,1.6,p70,200203,104476,2002,3,1
75,90,430,1.8,p90,200203,104476,2002,3,1
75,100,430,2.5,max,200203,104476,2002,3,1
76,0,430,.98000002,min,200204,104045,2002,4,2
76,10,430,1.25,p10,200204,104045,2002,4,2
76,30,430,1.4,p30,200204,104045,2002,4,2
76,50,430,1.5,p50,200204,104045,2002,4,2
76,70,430,1.65,p70,200204,104045,2002,4,2
76,90,430,1.85,p90,200204,104045,2002,4,2
76,100,430,2.5,max,200204,104045,2002,4,2
77,0,430,.98000002,min,200205,106495,2002,5,2
77,10,430,1.25,p10,200205,106495,2002,5,2
77,30,430,1.4,p30,200205,106495,2002,5,2
77,50,430,1.5,p50,200205,106495,2002,5,2
77,70,430,1.65,p70,200205,106495,2002,5,2
77,90,430,1.9,p90,200205,106495,2002,5,2
77,100,430,2.5999999,max,200205,106495,2002,5,2
78,0,430,.98000002,min,200206,106812,2002,6,2
78,10,430,1.3,p10,200206,106812,2002,6,2
78,30,430,1.4,p30,200206,106812,2002,6,2
78,50,430,1.53,p50,200206,106812,2002,6,2
78,70,430,1.65,p70,200206,106812,2002,6,2
78,90,430,1.85,p90,200206,106812,2002,6,2
78,100,430,2.5,max,200206,106812,2002,6,2
79,0,430,.98000002,min,200207,106477,2002,7,3
79,10,430,1.3,p10,200207,106477,2002,7,3
79,30,430,1.4,p30,200207,106477,2002,7,3
79,50,430,1.54,p50,200207,106477,2002,7,3
79,70,430,1.65,p70,200207,106477,2002,7,3
79,90,430,1.85,p90,200207,106477,2002,7,3
79,100,430,2.5,max,200207,106477,2002,7,3
80,0,430,.98000002,min,200208,104885,2002,8,3
80,10,430,1.3,p10,200208,104885,2002,8,3
80,30,430,1.4,p30,200208,104885,2002,8,3
80,50,430,1.55,p50,200208,104885,2002,8,3
80,70,430,1.66,p70,200208,104885,2002,8,3
80,90,430,1.9,p90,200208,104885,2002,8,3
80,100,430,2.5,max,200208,104885,2002,8,3
81,0,430,.98000002,min,200209,103857,2002,9,3
81,10,430,1.3,p10,200209,103857,2002,9,3
81,30,430,1.4,p30,200209,103857,2002,9,3
81,50,430,1.55,p50,200209,103857,2002,9,3
81,70,430,1.6799999,p70,200209,103857,2002,9,3
81,90,430,1.9,p90,200209,103857,2002,9,3
81,100,430,2.8,max,200209,103857,2002,9,3
82,0,430,.98000002,min,200210,105386,2002,10,4
82,10,430,1.3,p10,200210,105386,2002,10,4
82,30,430,1.45,p30,200210,105386,2002,10,4
82,50,430,1.55,p50,200210,105386,2002,10,4
82,70,430,1.7,p70,200210,105386,2002,10,4
82,90,430,1.9,p90,200210,105386,2002,10,4
82,100,430,2.8,max,200210,105386,2002,10,4
83,0,430,.98000002,min,200211,106027,2002,11,4
83,10,430,1.3,p10,200211,106027,2002,11,4
83,30,430,1.45,p30,200211,106027,2002,11,4
83,50,430,1.55,p50,200211,106027,2002,11,4
83,70,430,1.7,p70,200211,106027,2002,11,4
83,90,430,1.9,p90,200211,106027,2002,11,4
83,100,430,2.8,max,200211,106027,2002,11,4
84,0,430,1,min,200212,105941,2002,12,4
84,10,430,1.3,p10,200212,105941,2002,12,4
84,30,430,1.45,p30,200212,105941,2002,12,4
84,50,430,1.55,p50,200212,105941,2002,12,4
84,70,430,1.7,p70,200212,105941,2002,12,4
84,90,430,1.9,p90,200212,105941,2002,12,4
84,100,430,2.8,max,200212,105941,2002,12,4
85,0,430,1,min,200301,103569,2003,1,1
85,10,430,1.3,p10,200301,103569,2003,1,1
85,30,430,1.45,p30,200301,103569,2003,1,1
85,50,430,1.5700001,p50,200301,103569,2003,1,1
85,70,430,1.7,p70,200301,103569,2003,1,1
85,90,430,1.9,p90,200301,103569,2003,1,1
85,100,430,2.8,max,200301,103569,2003,1,1
86,0,430,1,min,200302,106331,2003,2,1
86,10,430,1.3,p10,200302,106331,2003,2,1
86,30,430,1.45,p30,200302,106331,2003,2,1
86,50,430,1.58,p50,200302,106331,2003,2,1
86,70,430,1.75,p70,200302,106331,2003,2,1
86,90,430,1.95,p90,200302,106331,2003,2,1
86,100,430,2.95,max,200302,106331,2003,2,1
87,0,430,1,min,200303,107045,2003,3,1
87,10,430,1.3,p10,200303,107045,2003,3,1
87,30,430,1.5,p30,200303,107045,2003,3,1
87,50,430,1.6,p50,200303,107045,2003,3,1
87,70,430,1.75,p70,200303,107045,2003,3,1
87,90,430,1.95,p90,200303,107045,2003,3,1
87,100,430,2.95,max,200303,107045,2003,3,1
88,0,430,1,min,200304,96095,2003,4,2
88,10,430,1.3,p10,200304,96095,2003,4,2
88,30,430,1.5,p30,200304,96095,2003,4,2
88,50,430,1.6,p50,200304,96095,2003,4,2
88,70,430,1.75,p70,200304,96095,2003,4,2
88,90,430,2,p90,200304,96095,2003,4,2
88,100,430,2.95,max,200304,96095,2003,4,2
89,0,430,.80000001,min,200305,99228,2003,5,2
89,10,430,1.35,p10,200305,99228,2003,5,2
89,30,430,1.5,p30,200305,99228,2003,5,2
89,50,430,1.6,p50,200305,99228,2003,5,2
89,70,430,1.75,p70,200305,99228,2003,5,2
89,90,430,2,p90,200305,99228,2003,5,2
89,100,430,2.95,max,200305,99228,2003,5,2
90,0,430,.80000001,min,200306,100749,2003,6,2
90,10,430,1.335,p10,200306,100749,2003,6,2
90,30,430,1.5,p30,200306,100749,2003,6,2
90,50,430,1.6,p50,200306,100749,2003,6,2
90,70,430,1.75,p70,200306,100749,2003,6,2
90,90,430,2,p90,200306,100749,2003,6,2
90,100,430,2.95,max,200306,100749,2003,6,2
91,0,430,.80000001,min,200307,101114,2003,7,3
91,10,430,1.3,p10,200307,101114,2003,7,3
91,30,430,1.5,p30,200307,101114,2003,7,3
91,50,430,1.65,p50,200307,101114,2003,7,3
91,70,430,1.75,p70,200307,101114,2003,7,3
91,90,430,2,p90,200307,101114,2003,7,3
91,100,430,2.95,max,200307,101114,2003,7,3
92,0,430,.5,min,200308,100393,2003,8,3
92,10,430,1.3,p10,200308,100393,2003,8,3
92,30,430,1.5,p30,200308,100393,2003,8,3
92,50,430,1.63,p50,200308,100393,2003,8,3
92,70,430,1.75,p70,200308,100393,2003,8,3
92,90,430,2,p90,200308,100393,2003,8,3
92,100,430,2.95,max,200308,100393,2003,8,3
93,0,430,.5,min,200309,101312,2003,9,3
93,10,430,1.3200001,p10,200309,101312,2003,9,3
93,30,430,1.5,p30,200309,101312,2003,9,3
93,50,430,1.63,p50,200309,101312,2003,9,3
93,70,430,1.78,p70,200309,101312,2003,9,3
93,90,430,2,p90,200309,101312,2003,9,3
93,100,430,2.95,max,200309,101312,2003,9,3
94,0,430,.5,min,200310,104409,2003,10,4
94,10,430,1.35,p10,200310,104409,2003,10,4
94,30,430,1.5,p30,200310,104409,2003,10,4
94,50,430,1.65,p50,200310,104409,2003,10,4
94,70,430,1.8,p70,200310,104409,2003,10,4
94,90,430,2,p90,200310,104409,2003,10,4
94,100,430,2.95,max,200310,104409,2003,10,4
95,0,430,.5,min,200311,108969,2003,11,4
95,10,430,1.35,p10,200311,108969,2003,11,4
95,30,430,1.5,p30,200311,108969,2003,11,4
95,50,430,1.65,p50,200311,108969,2003,11,4
95,70,430,1.8,p70,200311,108969,2003,11,4
95,90,430,2,p90,200311,108969,2003,11,4
95,100,430,2.95,max,200311,108969,2003,11,4
96,0,430,.5,min,200312,109913,2003,12,4
96,10,430,1.35,p10,200312,109913,2003,12,4
96,30,430,1.5,p30,200312,109913,2003,12,4
96,50,430,1.65,p50,200312,109913,2003,12,4
96,70,430,1.8,p70,200312,109913,2003,12,4
96,90,430,2,p90,200312,109913,2003,12,4
96,100,430,2.95,max,200312,109913,2003,12,4
97,0,430,.5,min,200401,107809,2004,1,1
97,10,430,1.35,p10,200401,107809,2004,1,1
97,30,430,1.5,p30,200401,107809,2004,1,1
97,50,430,1.65,p50,200401,107809,2004,1,1
97,70,430,1.8,p70,200401,107809,2004,1,1
97,90,430,2,p90,200401,107809,2004,1,1
97,100,430,2.95,max,200401,107809,2004,1,1
98,0,430,.5,min,200402,103284,2004,2,1
98,10,430,1.35,p10,200402,103284,2004,2,1
98,30,430,1.51,p30,200402,103284,2004,2,1
98,50,430,1.65,p50,200402,103284,2004,2,1
98,70,430,1.8,p70,200402,103284,2004,2,1
98,90,430,2.05,p90,200402,103284,2004,2,1
98,100,430,2.95,max,200402,103284,2004,2,1
99,0,430,.5,min,200403,104888,2004,3,1
99,10,430,1.35,p10,200403,104888,2004,3,1
99,30,430,1.53,p30,200403,104888,2004,3,1
99,50,430,1.6900001,p50,200403,104888,2004,3,1
99,70,430,1.8,p70,200403,104888,2004,3,1
99,90,430,2.05,p90,200403,104888,2004,3,1
99,100,430,2.95,max,200403,104888,2004,3,1
100,0,430,.75,min,200404,105398,2004,4,2
100,10,430,1.35,p10,200404,105398,2004,4,2
100,30,430,1.55,p30,200404,105398,2004,4,2
100,50,430,1.6900001,p50,200404,105398,2004,4,2
100,70,430,1.85,p70,200404,105398,2004,4,2
100,90,430,2.0999999,p90,200404,105398,2004,4,2
100,100,430,2.95,max,200404,105398,2004,4,2
101,0,430,1,min,200405,107212,2004,5,2
101,10,430,1.35,p10,200405,107212,2004,5,2
101,30,430,1.55,p30,200405,107212,2004,5,2
101,50,430,1.6900001,p50,200405,107212,2004,5,2
101,70,430,1.8200001,p70,200405,107212,2004,5,2
101,90,430,2.0749998,p90,200405,107212,2004,5,2
101,100,430,2.95,max,200405,107212,2004,5,2
102,0,430,1,min,200406,107670,2004,6,2
102,10,430,1.35,p10,200406,107670,2004,6,2
102,30,430,1.55,p30,200406,107670,2004,6,2
102,50,430,1.7,p50,200406,107670,2004,6,2
102,70,430,1.8200001,p70,200406,107670,2004,6,2
102,90,430,2.05,p90,200406,107670,2004,6,2
102,100,430,2.95,max,200406,107670,2004,6,2
103,0,430,1,min,200407,106775,2004,7,3
103,10,430,1.35,p10,200407,106775,2004,7,3
103,30,430,1.55,p30,200407,106775,2004,7,3
103,50,430,1.7,p50,200407,106775,2004,7,3
103,70,430,1.8200001,p70,200407,106775,2004,7,3
103,90,430,2.0999999,p90,200407,106775,2004,7,3
103,100,430,2.95,max,200407,106775,2004,7,3
104,0,430,1,min,200408,104966,2004,8,3
104,10,430,1.35,p10,200408,104966,2004,8,3
104,30,430,1.55,p30,200408,104966,2004,8,3
104,50,430,1.7,p50,200408,104966,2004,8,3
104,70,430,1.85,p70,200408,104966,2004,8,3
104,90,430,2.0999999,p90,200408,104966,2004,8,3
104,100,430,2.95,max,200408,104966,2004,8,3
105,0,430,.99000001,min,200409,104090,2004,9,3
105,10,430,1.35,p10,200409,104090,2004,9,3
105,30,430,1.55,p30,200409,104090,2004,9,3
105,50,430,1.7,p50,200409,104090,2004,9,3
105,70,430,1.85,p70,200409,104090,2004,9,3
105,90,430,2.0999999,p90,200409,104090,2004,9,3
105,100,430,2.95,max,200409,104090,2004,9,3
106,0,430,.99000001,min,200410,105391,2004,10,4
106,10,430,1.35,p10,200410,105391,2004,10,4
106,30,430,1.55,p30,200410,105391,2004,10,4
106,50,430,1.7,p50,200410,105391,2004,10,4
106,70,430,1.85,p70,200410,105391,2004,10,4
106,90,430,2.0999999,p90,200410,105391,2004,10,4
106,100,430,2.95,max,200410,105391,2004,10,4
107,0,430,.99000001,min,200411,106433,2004,11,4
107,10,430,1.35,p10,200411,106433,2004,11,4
107,30,430,1.55,p30,200411,106433,2004,11,4
107,50,430,1.7,p50,200411,106433,2004,11,4
107,70,430,1.85,p70,200411,106433,2004,11,4
107,90,430,2.0999999,p90,200411,106433,2004,11,4
107,100,430,3.2,max,200411,106433,2004,11,4
108,0,430,.99000001,min,200412,106723,2004,12,4
108,10,430,1.35,p10,200412,106723,2004,12,4
108,30,430,1.55,p30,200412,106723,2004,12,4
108,50,430,1.7,p50,200412,106723,2004,12,4
108,70,430,1.85,p70,200412,106723,2004,12,4
108,90,430,2.0999999,p90,200412,106723,2004,12,4
108,100,430,2.95,max,200412,106723,2004,12,4
109,0,430,.99000001,min,200501,103549,2005,1,1
109,10,430,1.35,p10,200501,103549,2005,1,1
109,30,430,1.55,p30,200501,103549,2005,1,1
109,50,430,1.7,p50,200501,103549,2005,1,1
109,70,430,1.85,p70,200501,103549,2005,1,1
109,90,430,2.0999999,p90,200501,103549,2005,1,1
109,100,430,2.95,max,200501,103549,2005,1,1
110,0,430,1,min,200502,108661,2005,2,1
110,10,430,1.35,p10,200502,108661,2005,2,1
110,30,430,1.55,p30,200502,108661,2005,2,1
110,50,430,1.7,p50,200502,108661,2005,2,1
110,70,430,1.85,p70,200502,108661,2005,2,1
110,90,430,2.0999999,p90,200502,108661,2005,2,1
110,100,430,2.95,max,200502,108661,2005,2,1
111,0,430,1,min,200503,109015,2005,3,1
111,10,430,1.35,p10,200503,109015,2005,3,1
111,30,430,1.55,p30,200503,109015,2005,3,1
111,50,430,1.7,p50,200503,109015,2005,3,1
111,70,430,1.85,p70,200503,109015,2005,3,1
111,90,430,2.0999999,p90,200503,109015,2005,3,1
111,100,430,2.95,max,200503,109015,2005,3,1
112,0,430,1,min,200504,111991,2005,4,2
112,10,430,1.3,p10,200504,111991,2005,4,2
112,30,430,1.58,p30,200504,111991,2005,4,2
112,50,430,1.74,p50,200504,111991,2005,4,2
112,70,430,1.9,p70,200504,111991,2005,4,2
112,90,430,2.0999999,p90,200504,111991,2005,4,2
112,100,430,3.5,max,200504,111991,2005,4,2
113,0,430,1.2,min,200505,110302,2005,5,2
113,10,430,1.38,p10,200505,110302,2005,5,2
113,30,430,1.55,p30,200505,110302,2005,5,2
113,50,430,1.7,p50,200505,110302,2005,5,2
113,70,430,1.8,p70,200505,110302,2005,5,2
113,90,430,2,p90,200505,110302,2005,5,2
113,100,430,2.25,max,200505,110302,2005,5,2
114,0,430,1,min,200506,114020,2005,6,2
114,10,430,1.3199999,p10,200506,114020,2005,6,2
114,30,430,1.585,p30,200506,114020,2005,6,2
114,50,430,1.745,p50,200506,114020,2005,6,2
114,70,430,1.9,p70,200506,114020,2005,6,2
114,90,430,2.0999999,p90,200506,114020,2005,6,2
114,100,430,3.5,max,200506,114020,2005,6,2
115,0,430,1,min,200507,112592,2005,7,3
115,10,430,1.33,p10,200507,112592,2005,7,3
115,30,430,1.6,p30,200507,112592,2005,7,3
115,50,430,1.75,p50,200507,112592,2005,7,3
115,70,430,1.9,p70,200507,112592,2005,7,3
115,90,430,2.0999999,p90,200507,112592,2005,7,3
115,100,430,3.5,max,200507,112592,2005,7,3
116,0,430,1,min,200508,111692,2005,8,3
116,10,430,1.35,p10,200508,111692,2005,8,3
116,30,430,1.59,p30,200508,111692,2005,8,3
116,50,430,1.75,p50,200508,111692,2005,8,3
116,70,430,1.9,p70,200508,111692,2005,8,3
116,90,430,2.0999999,p90,200508,111692,2005,8,3
116,100,430,3.5,max,200508,111692,2005,8,3
117,0,430,1,min,200509,111327,2005,9,3
117,10,430,1.35,p10,200509,111327,2005,9,3
117,30,430,1.59,p30,200509,111327,2005,9,3
117,50,430,1.75,p50,200509,111327,2005,9,3
117,70,430,1.9,p70,200509,111327,2005,9,3
117,90,430,2.0999999,p90,200509,111327,2005,9,3
117,100,430,3.5,max,200509,111327,2005,9,3
118,0,430,1,min,200510,108418,2005,10,4
118,10,430,1.35,p10,200510,108418,2005,10,4
118,30,430,1.59,p30,200510,108418,2005,10,4
118,50,430,1.75,p50,200510,108418,2005,10,4
118,70,430,1.9,p70,200510,108418,2005,10,4
118,90,430,2.0999999,p90,200510,108418,2005,10,4
118,100,430,3.5,max,200510,108418,2005,10,4
119,0,430,1,min,200511,104461,2005,11,4
119,10,430,1.35,p10,200511,104461,2005,11,4
119,30,430,1.6,p30,200511,104461,2005,11,4
119,50,430,1.75,p50,200511,104461,2005,11,4
119,70,430,1.9,p70,200511,104461,2005,11,4
119,90,430,2.0999999,p90,200511,104461,2005,11,4
119,100,430,3.5,max,200511,104461,2005,11,4
120,0,430,1,min,200512,109002,2005,12,4
120,10,430,1.35,p10,200512,109002,2005,12,4
120,30,430,1.6,p30,200512,109002,2005,12,4
120,50,430,1.75,p50,200512,109002,2005,12,4
120,70,430,1.9,p70,200512,109002,2005,12,4
120,90,430,2.0999999,p90,200512,109002,2005,12,4
120,100,430,3.5,max,200512,109002,2005,12,4
121,0,430,1,min,200601,104549,2006,1,1
121,10,430,1.35,p10,200601,104549,2006,1,1
121,30,430,1.6,p30,200601,104549,2006,1,1
121,50,430,1.75,p50,200601,104549,2006,1,1
121,70,430,1.9,p70,200601,104549,2006,1,1
121,90,430,2.1500001,p90,200601,104549,2006,1,1
121,100,430,3.5,max,200601,104549,2006,1,1
122,0,430,.94999999,min,200602,99725,2006,2,1
122,10,430,1.35,p10,200602,99725,2006,2,1
122,30,430,1.59,p30,200602,99725,2006,2,1
122,50,430,1.75,p50,200602,99725,2006,2,1
122,70,430,1.9,p70,200602,99725,2006,2,1
122,90,430,2.2,p90,200602,99725,2006,2,1
122,100,430,3.5,max,200602,99725,2006,2,1
123,0,430,.94999999,min,200603,103156,2006,3,1
123,10,430,1.355,p10,200603,103156,2006,3,1
123,30,430,1.6,p30,200603,103156,2006,3,1
123,50,430,1.76,p50,200603,103156,2006,3,1
123,70,430,1.9,p70,200603,103156,2006,3,1
123,90,430,2.2,p90,200603,103156,2006,3,1
123,100,430,3.5,max,200603,103156,2006,3,1
124,0,430,.94999999,min,200604,106812,2006,4,2
124,10,430,1.4,p10,200604,106812,2006,4,2
124,30,430,1.6,p30,200604,106812,2006,4,2
124,50,430,1.78,p50,200604,106812,2006,4,2
124,70,430,1.9,p70,200604,106812,2006,4,2
124,90,430,2.2,p90,200604,106812,2006,4,2
124,100,430,3.4000001,max,200604,106812,2006,4,2
125,0,430,1,min,200605,108529,2006,5,2
125,10,430,1.4,p10,200605,108529,2006,5,2
125,30,430,1.6,p30,200605,108529,2006,5,2
125,50,430,1.8,p50,200605,108529,2006,5,2
125,70,430,1.95,p70,200605,108529,2006,5,2
125,90,430,2.2249999,p90,200605,108529,2006,5,2
125,100,430,3.4000001,max,200605,108529,2006,5,2
126,0,430,1,min,200606,109466,2006,6,2
126,10,430,1.4,p10,200606,109466,2006,6,2
126,30,430,1.61,p30,200606,109466,2006,6,2
126,50,430,1.8,p50,200606,109466,2006,6,2
126,70,430,1.95,p70,200606,109466,2006,6,2
126,90,430,2.25,p90,200606,109466,2006,6,2
126,100,430,3.4000001,max,200606,109466,2006,6,2
127,0,430,1,min,200607,106325,2006,7,3
127,10,430,1.4,p10,200607,106325,2006,7,3
127,30,430,1.62,p30,200607,106325,2006,7,3
127,50,430,1.8,p50,200607,106325,2006,7,3
127,70,430,1.95,p70,200607,106325,2006,7,3
127,90,430,2.2,p90,200607,106325,2006,7,3
127,100,430,3.4000001,max,200607,106325,2006,7,3
128,0,430,1,min,200608,104977,2006,8,3
128,10,430,1.4,p10,200608,104977,2006,8,3
128,30,430,1.6,p30,200608,104977,2006,8,3
128,50,430,1.8,p50,200608,104977,2006,8,3
128,70,430,1.95,p70,200608,104977,2006,8,3
128,90,430,2.2,p90,200608,104977,2006,8,3
128,100,430,3.4000001,max,200608,104977,2006,8,3
129,0,430,1,min,200609,105429,2006,9,3
129,10,430,1.45,p10,200609,105429,2006,9,3
129,30,430,1.62,p30,200609,105429,2006,9,3
129,50,430,1.8,p50,200609,105429,2006,9,3
129,70,430,1.98,p70,200609,105429,2006,9,3
129,90,430,2.25,p90,200609,105429,2006,9,3
129,100,430,3.4000001,max,200609,105429,2006,9,3
130,0,430,1,min,200610,106176,2006,10,4
130,10,430,1.5,p10,200610,106176,2006,10,4
130,30,430,1.6,p30,200610,106176,2006,10,4
130,50,430,1.8,p50,200610,106176,2006,10,4
130,70,430,1.99,p70,200610,106176,2006,10,4
130,90,430,2.2,p90,200610,106176,2006,10,4
130,100,430,3.05,max,200610,106176,2006,10,4
131,0,430,1,min,200611,106900,2006,11,4
131,10,430,1.5,p10,200611,106900,2006,11,4
131,30,430,1.6,p30,200611,106900,2006,11,4
131,50,430,1.8,p50,200611,106900,2006,11,4
131,70,430,2,p70,200611,106900,2006,11,4
131,90,430,2.21,p90,200611,106900,2006,11,4
131,100,430,3.05,max,200611,106900,2006,11,4
132,0,430,1,min,200612,107825,2006,12,4
132,10,430,1.5,p10,200612,107825,2006,12,4
132,30,430,1.65,p30,200612,107825,2006,12,4
132,50,430,1.8200001,p50,200612,107825,2006,12,4
132,70,430,2,p70,200612,107825,2006,12,4
132,90,430,2.25,p90,200612,107825,2006,12,4
132,100,430,3.05,max,200612,107825,2006,12,4
133,0,430,1,min,200701,94597,2007,1,1
133,10,430,1.5,p10,200701,94597,2007,1,1
133,30,430,1.65,p30,200701,94597,2007,1,1
133,50,430,1.8049999,p50,200701,94597,2007,1,1
133,70,430,2,p70,200701,94597,2007,1,1
133,90,430,2.21,p90,200701,94597,2007,1,1
133,100,430,3,max,200701,94597,2007,1,1
134,0,430,1,min,200702,94697,2007,2,1
134,10,430,1.5,p10,200702,94697,2007,2,1
134,30,430,1.65,p30,200702,94697,2007,2,1
134,50,430,1.8200001,p50,200702,94697,2007,2,1
134,70,430,2,p70,200702,94697,2007,2,1
134,90,430,2.21,p90,200702,94697,2007,2,1
134,100,430,3,max,200702,94697,2007,2,1
135,0,430,1,min,200703,99502,2007,3,1
135,10,430,1.5,p10,200703,99502,2007,3,1
135,30,430,1.7,p30,200703,99502,2007,3,1
135,50,430,1.85,p50,200703,99502,2007,3,1
135,70,430,2,p70,200703,99502,2007,3,1
135,90,430,2.25,p90,200703,99502,2007,3,1
135,100,430,3,max,200703,99502,2007,3,1
136,0,430,1,min,200704,100914,2007,4,2
136,10,430,1.5,p10,200704,100914,2007,4,2
136,30,430,1.7,p30,200704,100914,2007,4,2
136,50,430,1.85,p50,200704,100914,2007,4,2
136,70,430,2,p70,200704,100914,2007,4,2
136,90,430,2.3,p90,200704,100914,2007,4,2
136,100,430,2.9000001,max,200704,100914,2007,4,2
137,0,430,1,min,200705,102761,2007,5,2
137,10,430,1.5,p10,200705,102761,2007,5,2
137,30,430,1.7,p30,200705,102761,2007,5,2
137,50,430,1.85,p50,200705,102761,2007,5,2
137,70,430,2,p70,200705,102761,2007,5,2
137,90,430,2.3,p90,200705,102761,2007,5,2
137,100,430,2.9000001,max,200705,102761,2007,5,2
138,0,430,1,min,200706,104229,2007,6,2
138,10,430,1.5,p10,200706,104229,2007,6,2
138,30,430,1.7,p30,200706,104229,2007,6,2
138,50,430,1.85,p50,200706,104229,2007,6,2
138,70,430,2,p70,200706,104229,2007,6,2
138,90,430,2.3,p90,200706,104229,2007,6,2
138,100,430,2.9000001,max,200706,104229,2007,6,2
139,0,430,.89999998,min,200707,103377,2007,7,3
139,10,430,1.52,p10,200707,103377,2007,7,3
139,30,430,1.7,p30,200707,103377,2007,7,3
139,50,430,1.9,p50,200707,103377,2007,7,3
139,70,430,2,p70,200707,103377,2007,7,3
139,90,430,2.3,p90,200707,103377,2007,7,3
139,100,430,2.9000001,max,200707,103377,2007,7,3
140,0,430,1,min,200708,102998,2007,8,3
140,10,430,1.5,p10,200708,102998,2007,8,3
140,30,430,1.7,p30,200708,102998,2007,8,3
140,50,430,1.9,p50,200708,102998,2007,8,3
140,70,430,2,p70,200708,102998,2007,8,3
140,90,430,2.3,p90,200708,102998,2007,8,3
140,100,430,2.9000001,max,200708,102998,2007,8,3
141,0,430,1.1,min,200709,103584,2007,9,3
141,10,430,1.54,p10,200709,103584,2007,9,3
141,30,430,1.75,p30,200709,103584,2007,9,3
141,50,430,1.9,p50,200709,103584,2007,9,3
141,70,430,2,p70,200709,103584,2007,9,3
141,90,430,2.3,p90,200709,103584,2007,9,3
141,100,430,2.9000001,max,200709,103584,2007,9,3
142,0,430,1,min,200710,104932,2007,10,4
142,10,430,1.51,p10,200710,104932,2007,10,4
142,30,430,1.75,p30,200710,104932,2007,10,4
142,50,430,1.9,p50,200710,104932,2007,10,4
142,70,430,2,p70,200710,104932,2007,10,4
142,90,430,2.3,p90,200710,104932,2007,10,4
142,100,430,2.95,max,200710,104932,2007,10,4
143,0,430,1,min,200711,107253,2007,11,4
143,10,430,1.55,p10,200711,107253,2007,11,4
143,30,430,1.75,p30,200711,107253,2007,11,4
143,50,430,1.9,p50,200711,107253,2007,11,4
143,70,430,2,p70,200711,107253,2007,11,4
143,90,430,2.3,p90,200711,107253,2007,11,4
143,100,430,2.95,max,200711,107253,2007,11,4
144,0,430,1,min,200712,107115,2007,12,4
144,10,430,1.54,p10,200712,107115,2007,12,4
144,30,430,1.75,p30,200712,107115,2007,12,4
144,50,430,1.9,p50,200712,107115,2007,12,4
144,70,430,2.01,p70,200712,107115,2007,12,4
144,90,430,2.3,p90,200712,107115,2007,12,4
144,100,430,2.95,max,200712,107115,2007,12,4
145,0,430,1.1,min,200801,102533,2008,1,1
145,10,430,1.55,p10,200801,102533,2008,1,1
145,30,430,1.77,p30,200801,102533,2008,1,1
145,50,430,1.9,p50,200801,102533,2008,1,1
145,70,430,2.05,p70,200801,102533,2008,1,1
145,90,430,2.3,p90,200801,102533,2008,1,1
145,100,430,3,max,200801,102533,2008,1,1
146,0,430,1.1,min,200802,100247,2008,2,1
146,10,430,1.55,p10,200802,100247,2008,2,1
146,30,430,1.8,p30,200802,100247,2008,2,1
146,50,430,1.9,p50,200802,100247,2008,2,1
146,70,430,2.0999999,p70,200802,100247,2008,2,1
146,90,430,2.3,p90,200802,100247,2008,2,1
146,100,430,3.0999999,max,200802,100247,2008,2,1
147,0,430,1.1,min,200803,104863,2008,3,1
147,10,430,1.55,p10,200803,104863,2008,3,1
147,30,430,1.8,p30,200803,104863,2008,3,1
147,50,430,1.9400001,p50,200803,104863,2008,3,1
147,70,430,2.0999999,p70,200803,104863,2008,3,1
147,90,430,2.3,p90,200803,104863,2008,3,1
147,100,430,3.0999999,max,200803,104863,2008,3,1
148,0,430,1.15,min,200804,99661,2008,4,2
148,10,430,1.6,p10,200804,99661,2008,4,2
148,30,430,1.85,p30,200804,99661,2008,4,2
148,50,430,2,p50,200804,99661,2008,4,2
148,70,430,2.0999999,p70,200804,99661,2008,4,2
148,90,430,2.4000001,p90,200804,99661,2008,4,2
148,100,430,3.3,max,200804,99661,2008,4,2
149,0,430,1.15,min,200805,100380,2008,5,2
149,10,430,1.6,p10,200805,100380,2008,5,2
149,30,430,1.85,p30,200805,100380,2008,5,2
149,50,430,2,p50,200805,100380,2008,5,2
149,70,430,2.1099999,p70,200805,100380,2008,5,2
149,90,430,2.4000001,p90,200805,100380,2008,5,2
149,100,430,3.3,max,200805,100380,2008,5,2
150,0,430,1.15,min,200806,101253,2008,6,2
150,10,430,1.6,p10,200806,101253,2008,6,2
150,30,430,1.87,p30,200806,101253,2008,6,2
150,50,430,2,p50,200806,101253,2008,6,2
150,70,430,2.1500001,p70,200806,101253,2008,6,2
150,90,430,2.45,p90,200806,101253,2008,6,2
150,100,430,3.3,max,200806,101253,2008,6,2
151,0,430,1.15,min,200807,102038,2008,7,3
151,10,430,1.6,p10,200807,102038,2008,7,3
151,30,430,1.85,p30,200807,102038,2008,7,3
151,50,430,2,p50,200807,102038,2008,7,3
151,70,430,2.1500001,p70,200807,102038,2008,7,3
151,90,430,2.45,p90,200807,102038,2008,7,3
151,100,430,3.3,max,200807,102038,2008,7,3
152,0,430,1.15,min,200808,102153,2008,8,3
152,10,430,1.6,p10,200808,102153,2008,8,3
152,30,430,1.85,p30,200808,102153,2008,8,3
152,50,430,2,p50,200808,102153,2008,8,3
152,70,430,2.1500001,p70,200808,102153,2008,8,3
152,90,430,2.45,p90,200808,102153,2008,8,3
152,100,430,3.3,max,200808,102153,2008,8,3
153,0,430,1.15,min,200809,102675,2008,9,3
153,10,430,1.6,p10,200809,102675,2008,9,3
153,30,430,1.9,p30,200809,102675,2008,9,3
153,50,430,2,p50,200809,102675,2008,9,3
153,70,430,2.2,p70,200809,102675,2008,9,3
153,90,430,2.45,p90,200809,102675,2008,9,3
153,100,430,3.3,max,200809,102675,2008,9,3
154,0,430,1.1,min,200810,103841,2008,10,4
154,10,430,1.6,p10,200810,103841,2008,10,4
154,30,430,1.9,p30,200810,103841,2008,10,4
154,50,430,2,p50,200810,103841,2008,10,4
154,70,430,2.2,p70,200810,103841,2008,10,4
154,90,430,2.4000001,p90,200810,103841,2008,10,4
154,100,430,3.3,max,200810,103841,2008,10,4
155,0,430,1.1,min,200811,104611,2008,11,4
155,10,430,1.6,p10,200811,104611,2008,11,4
155,30,430,1.9,p30,200811,104611,2008,11,4
155,50,430,2,p50,200811,104611,2008,11,4
155,70,430,2.2,p70,200811,104611,2008,11,4
155,90,430,2.45,p90,200811,104611,2008,11,4
155,100,430,3.3,max,200811,104611,2008,11,4
156,0,430,1.1,min,200812,101725,2008,12,4
156,10,430,1.6,p10,200812,101725,2008,12,4
156,30,430,1.9,p30,200812,101725,2008,12,4
156,50,430,2,p50,200812,101725,2008,12,4
156,70,430,2.2,p70,200812,101725,2008,12,4
156,90,430,2.4250002,p90,200812,101725,2008,12,4
156,100,430,3.2,max,200812,101725,2008,12,4
157,0,430,1.1,min,200901,98064,2009,1,1
157,10,430,1.6,p10,200901,98064,2009,1,1
157,30,430,1.9,p30,200901,98064,2009,1,1
157,50,430,2,p50,200901,98064,2009,1,1
157,70,430,2.2,p70,200901,98064,2009,1,1
157,90,430,2.45,p90,200901,98064,2009,1,1
157,100,430,3.2,max,200901,98064,2009,1,1
158,0,430,1.15,min,200902,91554,2009,2,1
158,10,430,1.6,p10,200902,91554,2009,2,1
158,30,430,1.9,p30,200902,91554,2009,2,1
158,50,430,2,p50,200902,91554,2009,2,1
158,70,430,2.2,p70,200902,91554,2009,2,1
158,90,430,2.45,p90,200902,91554,2009,2,1
158,100,430,3.2,max,200902,91554,2009,2,1
159,0,430,1.15,min,200903,96940,2009,3,1
159,10,430,1.65,p10,200903,96940,2009,3,1
159,30,430,1.9,p30,200903,96940,2009,3,1
159,50,430,2,p50,200903,96940,2009,3,1
159,70,430,2.2,p70,200903,96940,2009,3,1
159,90,430,2.45,p90,200903,96940,2009,3,1
159,100,430,3.5,max,200903,96940,2009,3,1
160,0,430,1.15,min,200904,99032,2009,4,2
160,10,430,1.65,p10,200904,99032,2009,4,2
160,30,430,1.9,p30,200904,99032,2009,4,2
160,50,430,2,p50,200904,99032,2009,4,2
160,70,430,2.2,p70,200904,99032,2009,4,2
160,90,430,2.45,p90,200904,99032,2009,4,2
160,100,430,3.25,max,200904,99032,2009,4,2
161,0,430,1.15,min,200905,99987,2009,5,2
161,10,430,1.65,p10,200905,99987,2009,5,2
161,30,430,1.9,p30,200905,99987,2009,5,2
161,50,430,2.01,p50,200905,99987,2009,5,2
161,70,430,2.2,p70,200905,99987,2009,5,2
161,90,430,2.5,p90,200905,99987,2009,5,2
161,100,430,3.3,max,200905,99987,2009,5,2
162,0,430,1.15,min,200906,99841,2009,6,2
162,10,430,1.65,p10,200906,99841,2009,6,2
162,30,430,1.9,p30,200906,99841,2009,6,2
162,50,430,2.05,p50,200906,99841,2009,6,2
162,70,430,2.2,p70,200906,99841,2009,6,2
162,90,430,2.5,p90,200906,99841,2009,6,2
162,100,430,3.5999999,max,200906,99841,2009,6,2
163,0,430,1.15,min,200907,100286,2009,7,3
163,10,430,1.6900001,p10,200907,100286,2009,7,3
163,30,430,1.9,p30,200907,100286,2009,7,3
163,50,430,2.05,p50,200907,100286,2009,7,3
163,70,430,2.2,p70,200907,100286,2009,7,3
163,90,430,2.5,p90,200907,100286,2009,7,3
163,100,430,3.5999999,max,200907,100286,2009,7,3
164,0,430,1.15,min,200908,100874,2009,8,3
164,10,430,1.65,p10,200908,100874,2009,8,3
164,30,430,1.9,p30,200908,100874,2009,8,3
164,50,430,2.05,p50,200908,100874,2009,8,3
164,70,430,2.2,p70,200908,100874,2009,8,3
164,90,430,2.5,p90,200908,100874,2009,8,3
164,100,430,3.5999999,max,200908,100874,2009,8,3
165,0,430,1.15,min,200909,101886,2009,9,3
165,10,430,1.65,p10,200909,101886,2009,9,3
165,30,430,1.9,p30,200909,101886,2009,9,3
165,50,430,2.05,p50,200909,101886,2009,9,3
165,70,430,2.2,p70,200909,101886,2009,9,3
165,90,430,2.5,p90,200909,101886,2009,9,3
165,100,430,3.5999999,max,200909,101886,2009,9,3
166,0,430,1.15,min,200910,102835,2009,10,4
166,10,430,1.65,p10,200910,102835,2009,10,4
166,30,430,1.95,p30,200910,102835,2009,10,4
166,50,430,2.05,p50,200910,102835,2009,10,4
166,70,430,2.2,p70,200910,102835,2009,10,4
166,90,430,2.5,p90,200910,102835,2009,10,4
166,100,430,3.5999999,max,200910,102835,2009,10,4
167,0,430,1.15,min,200911,104098,2009,11,4
167,10,430,1.65,p10,200911,104098,2009,11,4
167,30,430,1.95,p30,200911,104098,2009,11,4
167,50,430,2.05,p50,200911,104098,2009,11,4
167,70,430,2.2,p70,200911,104098,2009,11,4
167,90,430,2.5,p90,200911,104098,2009,11,4
167,100,430,3.5999999,max,200911,104098,2009,11,4
168,0,430,1.15,min,200912,105198,2009,12,4
168,10,430,1.7,p10,200912,105198,2009,12,4
168,30,430,1.95,p30,200912,105198,2009,12,4
168,50,430,2.0599999,p50,200912,105198,2009,12,4
168,70,430,2.25,p70,200912,105198,2009,12,4
168,90,430,2.5,p90,200912,105198,2009,12,4
168,100,430,3.5999999,max,200912,105198,2009,12,4
169,0,430,1.15,min,201001,101494,2010,1,1
169,10,430,1.7,p10,201001,101494,2010,1,1
169,30,430,1.95,p30,201001,101494,2010,1,1
169,50,430,2.0999999,p50,201001,101494,2010,1,1
169,70,430,2.25,p70,201001,101494,2010,1,1
169,90,430,2.55,p90,201001,101494,2010,1,1
169,100,430,3.6800001,max,201001,101494,2010,1,1
170,0,430,1.15,min,201002,97765,2010,2,1
170,10,430,1.7,p10,201002,97765,2010,2,1
170,30,430,1.99,p30,201002,97765,2010,2,1
170,50,430,2.0999999,p50,201002,97765,2010,2,1
170,70,430,2.3,p70,201002,97765,2010,2,1
170,90,430,2.5999999,p90,201002,97765,2010,2,1
170,100,430,4.5,max,201002,97765,2010,2,1
171,0,430,1.15,min,201003,102076,2010,3,1
171,10,430,1.75,p10,201003,102076,2010,3,1
171,30,430,1.99,p30,201003,102076,2010,3,1
171,50,430,2.0999999,p50,201003,102076,2010,3,1
171,70,430,2.3,p70,201003,102076,2010,3,1
171,90,430,2.5999999,p90,201003,102076,2010,3,1
171,100,430,4.5,max,201003,102076,2010,3,1
172,0,430,1.15,min,201004,104460,2010,4,2
172,10,430,1.8,p10,201004,104460,2010,4,2
172,30,430,2.01,p30,201004,104460,2010,4,2
172,50,430,2.1500001,p50,201004,104460,2010,4,2
172,70,430,2.3,p70,201004,104460,2010,4,2
172,90,430,2.5999999,p90,201004,104460,2010,4,2
172,100,430,4.5,max,201004,104460,2010,4,2
173,0,430,1.15,min,201005,105563,2010,5,2
173,10,430,1.8,p10,201005,105563,2010,5,2
173,30,430,2.05,p30,201005,105563,2010,5,2
173,50,430,2.1950002,p50,201005,105563,2010,5,2
173,70,430,2.3,p70,201005,105563,2010,5,2
173,90,430,2.6500001,p90,201005,105563,2010,5,2
173,100,430,4.5,max,201005,105563,2010,5,2
174,0,430,1.15,min,201006,106441,2010,6,2
174,10,430,1.8,p10,201006,106441,2010,6,2
174,30,430,2.05,p30,201006,106441,2010,6,2
174,50,430,2.2,p50,201006,106441,2010,6,2
174,70,430,2.3,p70,201006,106441,2010,6,2
174,90,430,2.6500001,p90,201006,106441,2010,6,2
174,100,430,4.5,max,201006,106441,2010,6,2
175,0,430,1.2,min,201007,107144,2010,7,3
175,10,430,1.8,p10,201007,107144,2010,7,3
175,30,430,2.05,p30,201007,107144,2010,7,3
175,50,430,2.2,p50,201007,107144,2010,7,3
175,70,430,2.3,p70,201007,107144,2010,7,3
175,90,430,2.6500001,p90,201007,107144,2010,7,3
175,100,430,4.5,max,201007,107144,2010,7,3
176,0,430,1.2,min,201008,108013,2010,8,3
176,10,430,1.8,p10,201008,108013,2010,8,3
176,30,430,2.03,p30,201008,108013,2010,8,3
176,50,430,2.2,p50,201008,108013,2010,8,3
176,70,430,2.3,p70,201008,108013,2010,8,3
176,90,430,2.6500001,p90,201008,108013,2010,8,3
176,100,430,4.5,max,201008,108013,2010,8,3
177,0,430,1.2,min,201009,108428,2010,9,3
177,10,430,1.8,p10,201009,108428,2010,9,3
177,30,430,2.05,p30,201009,108428,2010,9,3
177,50,430,2.2,p50,201009,108428,2010,9,3
177,70,430,2.3,p70,201009,108428,2010,9,3
177,90,430,2.6500001,p90,201009,108428,2010,9,3
177,100,430,4.5,max,201009,108428,2010,9,3
178,0,430,1.2,min,201010,109402,2010,10,4
178,10,430,1.8,p10,201010,109402,2010,10,4
178,30,430,2.05,p30,201010,109402,2010,10,4
178,50,430,2.2,p50,201010,109402,2010,10,4
178,70,430,2.3499999,p70,201010,109402,2010,10,4
178,90,430,2.6900001,p90,201010,109402,2010,10,4
178,100,430,4.5,max,201010,109402,2010,10,4
179,0,430,1.2,min,201011,109722,2010,11,4
179,10,430,1.85,p10,201011,109722,2010,11,4
179,30,430,2.0999999,p30,201011,109722,2010,11,4
179,50,430,2.2,p50,201011,109722,2010,11,4
179,70,430,2.3499999,p70,201011,109722,2010,11,4
179,90,430,2.7,p90,201011,109722,2010,11,4
179,100,430,4.5,max,201011,109722,2010,11,4
180,0,430,1.2,min,201012,110240,2010,12,4
180,10,430,1.85,p10,201012,110240,2010,12,4
180,30,430,2.0999999,p30,201012,110240,2010,12,4
180,50,430,2.2,p50,201012,110240,2010,12,4
180,70,430,2.4000001,p70,201012,110240,2010,12,4
180,90,430,2.7,p90,201012,110240,2010,12,4
180,100,430,4.5,max,201012,110240,2010,12,4
181,0,430,1.25,min,201101,107539,2011,1,1
181,10,430,1.9,p10,201101,107539,2011,1,1
181,30,430,2.1500001,p30,201101,107539,2011,1,1
181,50,430,2.3,p50,201101,107539,2011,1,1
181,70,430,2.4000001,p70,201101,107539,2011,1,1
181,90,430,2.75,p90,201101,107539,2011,1,1
181,100,430,4.5,max,201101,107539,2011,1,1
182,0,430,1.25,min,201102,107133,2011,2,1
182,10,430,1.9,p10,201102,107133,2011,2,1
182,30,430,2.1500001,p30,201102,107133,2011,2,1
182,50,430,2.3,p50,201102,107133,2011,2,1
182,70,430,2.45,p70,201102,107133,2011,2,1
182,90,430,2.75,p90,201102,107133,2011,2,1
182,100,430,4.5,max,201102,107133,2011,2,1
183,0,430,1.25,min,201103,111601,2011,3,1
183,10,430,1.9,p10,201103,111601,2011,3,1
183,30,430,2.1500001,p30,201103,111601,2011,3,1
183,50,430,2.3,p50,201103,111601,2011,3,1
183,70,430,2.45,p70,201103,111601,2011,3,1
183,90,430,2.75,p90,201103,111601,2011,3,1
183,100,430,4.5,max,201103,111601,2011,3,1
184,0,430,1.25,min,201104,110057,2011,4,2
184,10,430,1.9,p10,201104,110057,2011,4,2
184,30,430,2.2,p30,201104,110057,2011,4,2
184,50,430,2.3499999,p50,201104,110057,2011,4,2
184,70,430,2.5,p70,201104,110057,2011,4,2
184,90,430,2.8,p90,201104,110057,2011,4,2
184,100,430,4.5,max,201104,110057,2011,4,2
185,0,430,1.25,min,201105,110832,2011,5,2
185,10,430,1.9,p10,201105,110832,2011,5,2
185,30,430,2.2,p30,201105,110832,2011,5,2
185,50,430,2.3499999,p50,201105,110832,2011,5,2
185,70,430,2.5,p70,201105,110832,2011,5,2
185,90,430,2.8099999,p90,201105,110832,2011,5,2
185,100,430,4.5,max,201105,110832,2011,5,2
186,0,430,1.25,min,201106,110852,2011,6,2
186,10,430,1.9,p10,201106,110852,2011,6,2
186,30,430,2.2,p30,201106,110852,2011,6,2
186,50,430,2.3499999,p50,201106,110852,2011,6,2
186,70,430,2.5,p70,201106,110852,2011,6,2
186,90,430,2.8499999,p90,201106,110852,2011,6,2
186,100,430,4.5,max,201106,110852,2011,6,2
187,0,430,1.25,min,201107,110869,2011,7,3
187,10,430,1.9400001,p10,201107,110869,2011,7,3
187,30,430,2.2,p30,201107,110869,2011,7,3
187,50,430,2.3499999,p50,201107,110869,2011,7,3
187,70,430,2.5,p70,201107,110869,2011,7,3
187,90,430,2.8499999,p90,201107,110869,2011,7,3
187,100,430,4.5,max,201107,110869,2011,7,3
188,0,430,1.25,min,201108,111553,2011,8,3
188,10,430,1.9,p10,201108,111553,2011,8,3
188,30,430,2.2,p30,201108,111553,2011,8,3
188,50,430,2.4000001,p50,201108,111553,2011,8,3
188,70,430,2.5,p70,201108,111553,2011,8,3
188,90,430,2.8499999,p90,201108,111553,2011,8,3
188,100,430,4.5,max,201108,111553,2011,8,3
189,0,430,1.25,min,201109,112406,2011,9,3
189,10,430,1.9,p10,201109,112406,2011,9,3
189,30,430,2.2,p30,201109,112406,2011,9,3
189,50,430,2.4000001,p50,201109,112406,2011,9,3
189,70,430,2.5,p70,201109,112406,2011,9,3
189,90,430,2.8499999,p90,201109,112406,2011,9,3
189,100,430,3.5,max,201109,112406,2011,9,3
190,0,430,1.25,min,201110,112621,2011,10,4
190,10,430,1.9400001,p10,201110,112621,2011,10,4
190,30,430,2.2,p30,201110,112621,2011,10,4
190,50,430,2.4000001,p50,201110,112621,2011,10,4
190,70,430,2.5,p70,201110,112621,2011,10,4
190,90,430,2.8499999,p90,201110,112621,2011,10,4
190,100,430,3.5,max,201110,112621,2011,10,4
191,0,430,1.25,min,201111,112493,2011,11,4
191,10,430,1.95,p10,201111,112493,2011,11,4
191,30,430,2.2,p30,201111,112493,2011,11,4
191,50,430,2.4000001,p50,201111,112493,2011,11,4
191,70,430,2.5,p70,201111,112493,2011,11,4
191,90,430,2.9000001,p90,201111,112493,2011,11,4
191,100,430,4.4000001,max,201111,112493,2011,11,4
192,0,430,1.25,min,201112,113708,2011,12,4
192,10,430,2,p10,201112,113708,2011,12,4
192,30,430,2.2,p30,201112,113708,2011,12,4
192,50,430,2.4000001,p50,201112,113708,2011,12,4
192,70,430,2.5,p70,201112,113708,2011,12,4
192,90,430,2.9000001,p90,201112,113708,2011,12,4
192,100,430,4.4000001,max,201112,113708,2011,12,4
193,0,430,1.25,min,201201,112856,2012,1,1
193,10,430,2,p10,201201,112856,2012,1,1
193,30,430,2.2,p30,201201,112856,2012,1,1
193,50,430,2.4000001,p50,201201,112856,2012,1,1
193,70,430,2.55,p70,201201,112856,2012,1,1
193,90,430,2.9000001,p90,201201,112856,2012,1,1
193,100,430,3.5999999,max,201201,112856,2012,1,1
194,0,430,1.1,min,201202,109698,2012,2,1
194,10,430,2,p10,201202,109698,2012,2,1
194,30,430,2.2,p30,201202,109698,2012,2,1
194,50,430,2.4000001,p50,201202,109698,2012,2,1
194,70,430,2.55,p70,201202,109698,2012,2,1
194,90,430,2.9000001,p90,201202,109698,2012,2,1
194,100,430,3.5999999,max,201202,109698,2012,2,1
195,0,430,1.1,min,201203,112414,2012,3,1
195,10,430,2,p10,201203,112414,2012,3,1
195,30,430,2.25,p30,201203,112414,2012,3,1
195,50,430,2.4000001,p50,201203,112414,2012,3,1
195,70,430,2.55,p70,201203,112414,2012,3,1
195,90,430,2.9000001,p90,201203,112414,2012,3,1
195,100,430,4.4000001,max,201203,112414,2012,3,1
196,0,430,1.29,min,201204,111587,2012,4,2
196,10,430,2,p10,201204,111587,2012,4,2
196,30,430,2.3,p30,201204,111587,2012,4,2
196,50,430,2.45,p50,201204,111587,2012,4,2
196,70,430,2.5999999,p70,201204,111587,2012,4,2
196,90,430,3,p90,201204,111587,2012,4,2
196,100,430,4.4000001,max,201204,111587,2012,4,2
197,0,430,1.29,min,201205,112846,2012,5,2
197,10,430,2,p10,201205,112846,2012,5,2
197,30,430,2.3,p30,201205,112846,2012,5,2
197,50,430,2.49,p50,201205,112846,2012,5,2
197,70,430,2.5999999,p70,201205,112846,2012,5,2
197,90,430,3,p90,201205,112846,2012,5,2
197,100,430,4.4000001,max,201205,112846,2012,5,2
198,0,430,1.29,min,201206,113334,2012,6,2
198,10,430,2,p10,201206,113334,2012,6,2
198,30,430,2.3,p30,201206,113334,2012,6,2
198,50,430,2.49,p50,201206,113334,2012,6,2
198,70,430,2.5999999,p70,201206,113334,2012,6,2
198,90,430,3,p90,201206,113334,2012,6,2
198,100,430,4.4000001,max,201206,113334,2012,6,2
199,0,430,1.29,min,201207,112851,2012,7,3
199,10,430,2,p10,201207,112851,2012,7,3
199,30,430,2.3,p30,201207,112851,2012,7,3
199,50,430,2.5,p50,201207,112851,2012,7,3
199,70,430,2.5999999,p70,201207,112851,2012,7,3
199,90,430,3,p90,201207,112851,2012,7,3
199,100,430,3.7,max,201207,112851,2012,7,3
200,0,430,1.29,min,201208,113661,2012,8,3
200,10,430,2,p10,201208,113661,2012,8,3
200,30,430,2.3,p30,201208,113661,2012,8,3
200,50,430,2.5,p50,201208,113661,2012,8,3
200,70,430,2.6500001,p70,201208,113661,2012,8,3
200,90,430,3,p90,201208,113661,2012,8,3
200,100,430,3.7,max,201208,113661,2012,8,3
201,0,430,1.29,min,201209,113405,2012,9,3
201,10,430,2,p10,201209,113405,2012,9,3
201,30,430,2.3,p30,201209,113405,2012,9,3
201,50,430,2.5,p50,201209,113405,2012,9,3
201,70,430,2.625,p70,201209,113405,2012,9,3
201,90,430,3,p90,201209,113405,2012,9,3
201,100,430,3.7,max,201209,113405,2012,9,3
202,0,430,1.29,min,201210,113078,2012,10,4
202,10,430,2,p10,201210,113078,2012,10,4
202,30,430,2.3,p30,201210,113078,2012,10,4
202,50,430,2.5,p50,201210,113078,2012,10,4
202,70,430,2.6500001,p70,201210,113078,2012,10,4
202,90,430,3,p90,201210,113078,2012,10,4
202,100,430,3.7,max,201210,113078,2012,10,4
203,0,430,1.29,min,201211,112217,2012,11,4
203,10,430,2,p10,201211,112217,2012,11,4
203,30,430,2.3,p30,201211,112217,2012,11,4
203,50,430,2.5,p50,201211,112217,2012,11,4
203,70,430,2.6900001,p70,201211,112217,2012,11,4
203,90,430,3,p90,201211,112217,2012,11,4
203,100,430,3.7,max,201211,112217,2012,11,4
204,0,430,1.29,min,201212,112408,2012,12,4
204,10,430,2,p10,201212,112408,2012,12,4
204,30,430,2.3,p30,201212,112408,2012,12,4
204,50,430,2.5,p50,201212,112408,2012,12,4
204,70,430,2.6900001,p70,201212,112408,2012,12,4
204,90,430,3,p90,201212,112408,2012,12,4
204,100,430,3.8,max,201212,112408,2012,12,4
205,0,430,1.29,min,201301,112366,2013,1,1
205,10,430,2,p10,201301,112366,2013,1,1
205,30,430,2.3,p30,201301,112366,2013,1,1
205,50,430,2.5,p50,201301,112366,2013,1,1
205,70,430,2.7,p70,201301,112366,2013,1,1
205,90,430,3,p90,201301,112366,2013,1,1
205,100,430,3.8,max,201301,112366,2013,1,1
206,0,430,1.29,min,201302,108728,2013,2,1
206,10,430,2.05,p10,201302,108728,2013,2,1
206,30,430,2.3299999,p30,201302,108728,2013,2,1
206,50,430,2.5,p50,201302,108728,2013,2,1
206,70,430,2.7,p70,201302,108728,2013,2,1
206,90,430,3,p90,201302,108728,2013,2,1
206,100,430,4,max,201302,108728,2013,2,1
207,0,430,1.29,min,201303,111899,2013,3,1
207,10,430,2,p10,201303,111899,2013,3,1
207,30,430,2.3299999,p30,201303,111899,2013,3,1
207,50,430,2.5250001,p50,201303,111899,2013,3,1
207,70,430,2.7,p70,201303,111899,2013,3,1
207,90,430,3,p90,201303,111899,2013,3,1
207,100,430,4,max,201303,111899,2013,3,1
208,0,430,1.29,min,201304,111792,2013,4,2
208,10,430,2.0999999,p10,201304,111792,2013,4,2
208,30,430,2.4000001,p30,201304,111792,2013,4,2
208,50,430,2.55,p50,201304,111792,2013,4,2
208,70,430,2.75,p70,201304,111792,2013,4,2
208,90,430,3.05,p90,201304,111792,2013,4,2
208,100,430,5.0599999,max,201304,111792,2013,4,2
209,0,430,1.3200001,min,201305,112311,2013,5,2
209,10,430,2.0999999,p10,201305,112311,2013,5,2
209,30,430,2.4000001,p30,201305,112311,2013,5,2
209,50,430,2.55,p50,201305,112311,2013,5,2
209,70,430,2.75,p70,201305,112311,2013,5,2
209,90,430,3.05,p90,201305,112311,2013,5,2
209,100,430,4.5999999,max,201305,112311,2013,5,2
210,0,430,1.3200001,min,201306,113032,2013,6,2
210,10,430,2.0999999,p10,201306,113032,2013,6,2
210,30,430,2.4000001,p30,201306,113032,2013,6,2
210,50,430,2.55,p50,201306,113032,2013,6,2
210,70,430,2.75,p70,201306,113032,2013,6,2
210,90,430,3.05,p90,201306,113032,2013,6,2
210,100,430,4.8000002,max,201306,113032,2013,6,2
211,0,430,1.3200001,min,201307,110581,2013,7,3
211,10,430,2.0999999,p10,201307,110581,2013,7,3
211,30,430,2.3800001,p30,201307,110581,2013,7,3
211,50,430,2.55,p50,201307,110581,2013,7,3
211,70,430,2.75,p70,201307,110581,2013,7,3
211,90,430,3.0999999,p90,201307,110581,2013,7,3
211,100,430,4.8000002,max,201307,110581,2013,7,3
212,0,430,1.3200001,min,201308,111674,2013,8,3
212,10,430,2.0999999,p10,201308,111674,2013,8,3
212,30,430,2.4000001,p30,201308,111674,2013,8,3
212,50,430,2.5999999,p50,201308,111674,2013,8,3
212,70,430,2.75,p70,201308,111674,2013,8,3
212,90,430,3.0999999,p90,201308,111674,2013,8,3
212,100,430,4.8000002,max,201308,111674,2013,8,3
213,0,430,1.3200001,min,201309,111821,2013,9,3
213,10,430,2.0999999,p10,201309,111821,2013,9,3
213,30,430,2.4000001,p30,201309,111821,2013,9,3
213,50,430,2.5999999,p50,201309,111821,2013,9,3
213,70,430,2.75,p70,201309,111821,2013,9,3
213,90,430,3.0999999,p90,201309,111821,2013,9,3
213,100,430,4.8000002,max,201309,111821,2013,9,3
214,0,430,1.3200001,min,201310,112239,2013,10,4
214,10,430,2.0999999,p10,201310,112239,2013,10,4
214,30,430,2.4000001,p30,201310,112239,2013,10,4
214,50,430,2.5999999,p50,201310,112239,2013,10,4
214,70,430,2.79,p70,201310,112239,2013,10,4
214,90,430,3.0999999,p90,201310,112239,2013,10,4
214,100,430,4.8000002,max,201310,112239,2013,10,4
215,0,430,1.3200001,min,201311,111783,2013,11,4
215,10,430,2.0999999,p10,201311,111783,2013,11,4
215,30,430,2.4000001,p30,201311,111783,2013,11,4
215,50,430,2.5999999,p50,201311,111783,2013,11,4
215,70,430,2.8,p70,201311,111783,2013,11,4
215,90,430,3.0999999,p90,201311,111783,2013,11,4
215,100,430,4.8000002,max,201311,111783,2013,11,4
216,0,430,1.3200001,min,201312,112679,2013,12,4
216,10,430,2.0999999,p10,201312,112679,2013,12,4
216,30,430,2.4000001,p30,201312,112679,2013,12,4
216,50,430,2.5999999,p50,201312,112679,2013,12,4
216,70,430,2.8,p70,201312,112679,2013,12,4
216,90,430,3.0999999,p90,201312,112679,2013,12,4
216,100,430,4.8000002,max,201312,112679,2013,12,4
217,0,430,1.3200001,min,201401,113108,2014,1,1
217,10,430,2.0999999,p10,201401,113108,2014,1,1
217,30,430,2.4000001,p30,201401,113108,2014,1,1
217,50,430,2.5999999,p50,201401,113108,2014,1,1
217,70,430,2.8,p70,201401,113108,2014,1,1
217,90,430,3.1500001,p90,201401,113108,2014,1,1
217,100,430,4.8000002,max,201401,113108,2014,1,1
218,0,430,1.3200001,min,201402,108248,2014,2,1
218,10,430,2.0999999,p10,201402,108248,2014,2,1
218,30,430,2.45,p30,201402,108248,2014,2,1
218,50,430,2.6500001,p50,201402,108248,2014,2,1
218,70,430,2.8,p70,201402,108248,2014,2,1
218,90,430,3.2,p90,201402,108248,2014,2,1
218,100,430,4.5,max,201402,108248,2014,2,1
219,0,430,1.3200001,min,201403,111203,2014,3,1
219,10,430,2.0999999,p10,201403,111203,2014,3,1
219,30,430,2.5,p30,201403,111203,2014,3,1
219,50,430,2.6500001,p50,201403,111203,2014,3,1
219,70,430,2.8499999,p70,201403,111203,2014,3,1
219,90,430,3.25,p90,201403,111203,2014,3,1
219,100,430,4.5,max,201403,111203,2014,3,1
220,0,430,1.3200001,min,201404,110710,2014,4,2
220,10,430,2.1500001,p10,201404,110710,2014,4,2
220,30,430,2.5,p30,201404,110710,2014,4,2
220,50,430,2.7,p50,201404,110710,2014,4,2
220,70,430,2.8499999,p70,201404,110710,2014,4,2
220,90,430,3.25,p90,201404,110710,2014,4,2
220,100,430,4.3000002,max,201404,110710,2014,4,2
221,0,430,1.3200001,min,201405,111771,2014,5,2
221,10,430,2.1500001,p10,201405,111771,2014,5,2
221,30,430,2.5,p30,201405,111771,2014,5,2
221,50,430,2.7,p50,201405,111771,2014,5,2
221,70,430,2.8499999,p70,201405,111771,2014,5,2
221,90,430,3.25,p90,201405,111771,2014,5,2
221,100,430,4.3000002,max,201405,111771,2014,5,2
222,0,430,1.3200001,min,201406,112545,2014,6,2
222,10,430,2.2,p10,201406,112545,2014,6,2
222,30,430,2.5,p30,201406,112545,2014,6,2
222,50,430,2.7,p50,201406,112545,2014,6,2
222,70,430,2.8900001,p70,201406,112545,2014,6,2
222,90,430,3.25,p90,201406,112545,2014,6,2
222,100,430,4.3000002,max,201406,112545,2014,6,2
223,0,430,1.3200001,min,201407,110136,2014,7,3
223,10,430,2.165,p10,201407,110136,2014,7,3
223,30,430,2.5,p30,201407,110136,2014,7,3
223,50,430,2.7,p50,201407,110136,2014,7,3
223,70,430,2.9000001,p70,201407,110136,2014,7,3
223,90,430,3.25,p90,201407,110136,2014,7,3
223,100,430,4.3000002,max,201407,110136,2014,7,3
224,0,430,1.3200001,min,201408,111380,2014,8,3
224,10,430,2.1800001,p10,201408,111380,2014,8,3
224,30,430,2.5,p30,201408,111380,2014,8,3
224,50,430,2.7,p50,201408,111380,2014,8,3
224,70,430,2.9000001,p70,201408,111380,2014,8,3
224,90,430,3.25,p90,201408,111380,2014,8,3
224,100,430,4.3000002,max,201408,111380,2014,8,3
225,0,430,1.3200001,min,201409,111588,2014,9,3
225,10,430,2.2,p10,201409,111588,2014,9,3
225,30,430,2.5,p30,201409,111588,2014,9,3
225,50,430,2.7,p50,201409,111588,2014,9,3
225,70,430,2.9000001,p70,201409,111588,2014,9,3
225,90,430,3.25,p90,201409,111588,2014,9,3
225,100,430,4.3000002,max,201409,111588,2014,9,3
226,0,430,1.3200001,min,201410,111005,2014,10,4
226,10,430,2.2,p10,201410,111005,2014,10,4
226,30,430,2.5,p30,201410,111005,2014,10,4
226,50,430,2.7,p50,201410,111005,2014,10,4
226,70,430,2.9000001,p70,201410,111005,2014,10,4
226,90,430,3.3,p90,201410,111005,2014,10,4
226,100,430,4.3000002,max,201410,111005,2014,10,4
227,0,430,1.3200001,min,201411,111694,2014,11,4
227,10,430,2.2,p10,201411,111694,2014,11,4
227,30,430,2.5,p30,201411,111694,2014,11,4
227,50,430,2.75,p50,201411,111694,2014,11,4
227,70,430,2.95,p70,201411,111694,2014,11,4
227,90,430,3.3499999,p90,201411,111694,2014,11,4
227,100,430,4.3000002,max,201411,111694,2014,11,4
228,0,430,1.3200001,min,201412,111856,2014,12,4
228,10,430,2.2,p10,201412,111856,2014,12,4
228,30,430,2.5,p30,201412,111856,2014,12,4
228,50,430,2.75,p50,201412,111856,2014,12,4
228,70,430,2.95,p70,201412,111856,2014,12,4
228,90,430,3.3499999,p90,201412,111856,2014,12,4
228,100,430,4.25,max,201412,111856,2014,12,4
229,0,430,1.3200001,min,201501,112391,2015,1,1
229,10,430,2.2,p10,201501,112391,2015,1,1
229,30,430,2.52,p30,201501,112391,2015,1,1
229,50,430,2.75,p50,201501,112391,2015,1,1
229,70,430,2.95,p70,201501,112391,2015,1,1
229,90,430,3.3499999,p90,201501,112391,2015,1,1
229,100,430,4.25,max,201501,112391,2015,1,1
230,0,430,1.3200001,min,201502,110155,2015,2,1
230,10,430,2.2,p10,201502,110155,2015,2,1
230,30,430,2.52,p30,201502,110155,2015,2,1
230,50,430,2.75,p50,201502,110155,2015,2,1
230,70,430,2.95,p70,201502,110155,2015,2,1
230,90,430,3.3499999,p90,201502,110155,2015,2,1
230,100,430,4.3000002,max,201502,110155,2015,2,1
231,0,430,1.3200001,min,201503,113572,2015,3,1
231,10,430,2.2,p10,201503,113572,2015,3,1
231,30,430,2.55,p30,201503,113572,2015,3,1
231,50,430,2.75,p50,201503,113572,2015,3,1
231,70,430,2.95,p70,201503,113572,2015,3,1
231,90,430,3.3499999,p90,201503,113572,2015,3,1
231,100,430,4.3000002,max,201503,113572,2015,3,1
232,0,430,1.3200001,min,201504,115749,2015,4,2
232,10,430,2.2,p10,201504,115749,2015,4,2
232,30,430,2.55,p30,201504,115749,2015,4,2
232,50,430,2.75,p50,201504,115749,2015,4,2
232,70,430,2.95,p70,201504,115749,2015,4,2
232,90,430,3.4000001,p90,201504,115749,2015,4,2
232,100,430,4.3000002,max,201504,115749,2015,4,2
233,0,430,1.3200001,min,201505,115916,2015,5,2
233,10,430,2.2,p10,201505,115916,2015,5,2
233,30,430,2.55,p30,201505,115916,2015,5,2
233,50,430,2.8,p50,201505,115916,2015,5,2
233,70,430,2.95,p70,201505,115916,2015,5,2
233,90,430,3.3499999,p90,201505,115916,2015,5,2
233,100,430,4.3000002,max,201505,115916,2015,5,2
234,0,430,1.2,min,201506,116435,2015,6,2
234,10,430,2.2,p10,201506,116435,2015,6,2
234,30,430,2.55,p30,201506,116435,2015,6,2
234,50,430,2.8,p50,201506,116435,2015,6,2
234,70,430,2.95,p70,201506,116435,2015,6,2
234,90,430,3.4000001,p90,201506,116435,2015,6,2
234,100,430,4.25,max,201506,116435,2015,6,2
235,0,430,1.2,min,201507,114735,2015,7,3
235,10,430,2.2,p10,201507,114735,2015,7,3
235,30,430,2.55,p30,201507,114735,2015,7,3
235,50,430,2.8,p50,201507,114735,2015,7,3
235,70,430,2.99,p70,201507,114735,2015,7,3
235,90,430,3.4250002,p90,201507,114735,2015,7,3
235,100,430,4.25,max,201507,114735,2015,7,3
236,0,430,1.2,min,201508,115594,2015,8,3
236,10,430,2.2,p10,201508,115594,2015,8,3
236,30,430,2.5599999,p30,201508,115594,2015,8,3
236,50,430,2.8,p50,201508,115594,2015,8,3
236,70,430,2.99,p70,201508,115594,2015,8,3
236,90,430,3.45,p90,201508,115594,2015,8,3
236,100,430,4.25,max,201508,115594,2015,8,3
237,0,430,1.2,min,201509,115161,2015,9,3
237,10,430,2.2,p10,201509,115161,2015,9,3
237,30,430,2.5999999,p30,201509,115161,2015,9,3
237,50,430,2.8,p50,201509,115161,2015,9,3
237,70,430,3.05,p70,201509,115161,2015,9,3
237,90,430,3.45,p90,201509,115161,2015,9,3
237,100,430,4.25,max,201509,115161,2015,9,3
238,0,430,1.3200001,min,201510,114077,2015,10,4
238,10,430,2.2,p10,201510,114077,2015,10,4
238,30,430,2.5999999,p30,201510,114077,2015,10,4
238,50,430,2.8,p50,201510,114077,2015,10,4
238,70,430,3.05,p70,201510,114077,2015,10,4
238,90,430,3.45,p90,201510,114077,2015,10,4
238,100,430,4.1999998,max,201510,114077,2015,10,4
239,0,430,1.4,min,201511,114172,2015,11,4
239,10,430,2.2,p10,201511,114172,2015,11,4
239,30,430,2.5999999,p30,201511,114172,2015,11,4
239,50,430,2.8,p50,201511,114172,2015,11,4
239,70,430,3.05,p70,201511,114172,2015,11,4
239,90,430,3.49,p90,201511,114172,2015,11,4
239,100,430,4.1999998,max,201511,114172,2015,11,4
240,0,430,1.4,min,201512,114689,2015,12,4
240,10,430,2.2,p10,201512,114689,2015,12,4
240,30,430,2.5999999,p30,201512,114689,2015,12,4
240,50,430,2.8,p50,201512,114689,2015,12,4
240,70,430,3.0999999,p70,201512,114689,2015,12,4
240,90,430,3.45,p90,201512,114689,2015,12,4
240,100,430,4.3499999,max,201512,114689,2015,12,4
241,0,430,1.6,min,201601,115103,2016,1,1
241,10,430,2.2,p10,201601,115103,2016,1,1
241,30,430,2.5999999,p30,201601,115103,2016,1,1
241,50,430,2.8499999,p50,201601,115103,2016,1,1
241,70,430,3.0999999,p70,201601,115103,2016,1,1
241,90,430,3.45,p90,201601,115103,2016,1,1
241,100,430,4.3499999,max,201601,115103,2016,1,1
242,0,430,1.6,min,201602,111250,2016,2,1
242,10,430,2.25,p10,201602,111250,2016,2,1
242,30,430,2.6500001,p30,201602,111250,2016,2,1
242,50,430,2.8499999,p50,201602,111250,2016,2,1
242,70,430,3.0999999,p70,201602,111250,2016,2,1
242,90,430,3.5,p90,201602,111250,2016,2,1
242,100,430,4.3499999,max,201602,111250,2016,2,1
243,0,430,1.6,min,201603,114357,2016,3,1
243,10,430,2.25,p10,201603,114357,2016,3,1
243,30,430,2.6500001,p30,201603,114357,2016,3,1
243,50,430,2.8499999,p50,201603,114357,2016,3,1
243,70,430,3.0999999,p70,201603,114357,2016,3,1
243,90,430,3.45,p90,201603,114357,2016,3,1
243,100,430,4.3499999,max,201603,114357,2016,3,1
244,0,430,1.6,min,201604,116203,2016,4,2
244,10,430,2.25,p10,201604,116203,2016,4,2
244,30,430,2.6500001,p30,201604,116203,2016,4,2
244,50,430,2.8499999,p50,201604,116203,2016,4,2
244,70,430,3.0999999,p70,201604,116203,2016,4,2
244,90,430,3.5,p90,201604,116203,2016,4,2
244,100,430,4.3499999,max,201604,116203,2016,4,2
245,0,430,1.5,min,201605,116594,2016,5,2
245,10,430,2.2,p10,201605,116594,2016,5,2
245,30,430,2.6500001,p30,201605,116594,2016,5,2
245,50,430,2.8499999,p50,201605,116594,2016,5,2
245,70,430,3.1500001,p70,201605,116594,2016,5,2
245,90,430,3.5,p90,201605,116594,2016,5,2
245,100,430,4.4499998,max,201605,116594,2016,5,2
246,0,430,1.5,min,201606,114659,2016,6,2
246,10,430,2.25,p10,201606,114659,2016,6,2
246,30,430,2.6500001,p30,201606,114659,2016,6,2
246,50,430,2.8499999,p50,201606,114659,2016,6,2
246,70,430,3.1500001,p70,201606,114659,2016,6,2
246,90,430,3.55,p90,201606,114659,2016,6,2
246,100,430,4.4499998,max,201606,114659,2016,6,2
247,0,430,1.5,min,201607,114905,2016,7,3
247,10,430,2.25,p10,201607,114905,2016,7,3
247,30,430,2.6500001,p30,201607,114905,2016,7,3
247,50,430,2.9000001,p50,201607,114905,2016,7,3
247,70,430,3.1500001,p70,201607,114905,2016,7,3
247,90,430,3.55,p90,201607,114905,2016,7,3
247,100,430,4.4499998,max,201607,114905,2016,7,3
248,0,430,1.5,min,201608,113603,2016,8,3
248,10,430,2.25,p10,201608,113603,2016,8,3
248,30,430,2.6500001,p30,201608,113603,2016,8,3
248,50,430,2.9000001,p50,201608,113603,2016,8,3
248,70,430,3.1500001,p70,201608,113603,2016,8,3
248,90,430,3.5999999,p90,201608,113603,2016,8,3
248,100,430,4.4499998,max,201608,113603,2016,8,3
249,0,430,1.5,min,201609,114197,2016,9,3
249,10,430,2.2,p10,201609,114197,2016,9,3
249,30,430,2.6500001,p30,201609,114197,2016,9,3
249,50,430,2.9000001,p50,201609,114197,2016,9,3
249,70,430,3.1500001,p70,201609,114197,2016,9,3
249,90,430,3.55,p90,201609,114197,2016,9,3
249,100,430,4.5500002,max,201609,114197,2016,9,3
250,0,430,1.5,min,201610,114508,2016,10,4
250,10,430,2.2,p10,201610,114508,2016,10,4
250,30,430,2.6500001,p30,201610,114508,2016,10,4
250,50,430,2.9000001,p50,201610,114508,2016,10,4
250,70,430,3.1500001,p70,201610,114508,2016,10,4
250,90,430,3.55,p90,201610,114508,2016,10,4
250,100,430,4.5500002,max,201610,114508,2016,10,4
251,0,430,1.5,min,201611,114395,2016,11,4
251,10,430,2.25,p10,201611,114395,2016,11,4
251,30,430,2.6500001,p30,201611,114395,2016,11,4
251,50,430,2.9000001,p50,201611,114395,2016,11,4
251,70,430,3.2,p70,201611,114395,2016,11,4
251,90,430,3.5999999,p90,201611,114395,2016,11,4
251,100,430,4.5500002,max,201611,114395,2016,11,4
252,0,430,1.5,min,201612,115664,2016,12,4
252,10,430,2.25,p10,201612,115664,2016,12,4
252,30,430,2.7,p30,201612,115664,2016,12,4
252,50,430,2.95,p50,201612,115664,2016,12,4
252,70,430,3.2,p70,201612,115664,2016,12,4
252,90,430,3.5999999,p90,201612,115664,2016,12,4
252,100,430,4.6500001,max,201612,115664,2016,12,4
253,0,430,1.5,min,201701,115514,2017,1,1
253,10,430,2.25,p10,201701,115514,2017,1,1
253,30,430,2.7,p30,201701,115514,2017,1,1
253,50,430,2.95,p50,201701,115514,2017,1,1
253,70,430,3.25,p70,201701,115514,2017,1,1
253,90,430,3.5999999,p90,201701,115514,2017,1,1
253,100,430,4.6500001,max,201701,115514,2017,1,1
254,0,430,1.5,min,201702,113871,2017,2,1
254,10,430,2.25,p10,201702,113871,2017,2,1
254,30,430,2.7,p30,201702,113871,2017,2,1
254,50,430,3,p50,201702,113871,2017,2,1
254,70,430,3.25,p70,201702,113871,2017,2,1
254,90,430,3.6500001,p90,201702,113871,2017,2,1
254,100,430,4.75,max,201702,113871,2017,2,1
255,0,430,1.5,min,201703,115353,2017,3,1
255,10,430,2.25,p10,201703,115353,2017,3,1
255,30,430,2.7,p30,201703,115353,2017,3,1
255,50,430,3,p50,201703,115353,2017,3,1
255,70,430,3.25,p70,201703,115353,2017,3,1
255,90,430,3.6500001,p90,201703,115353,2017,3,1
255,100,430,4.75,max,201703,115353,2017,3,1
256,0,430,1.55,min,201704,116734,2017,4,2
256,10,430,2.3,p10,201704,116734,2017,4,2
256,30,430,2.7,p30,201704,116734,2017,4,2
256,50,430,3,p50,201704,116734,2017,4,2
256,70,430,3.25,p70,201704,116734,2017,4,2
256,90,430,3.6500001,p90,201704,116734,2017,4,2
256,100,430,4.75,max,201704,116734,2017,4,2
257,0,430,1.5,min,201705,117085,2017,5,2
257,10,430,2.3,p10,201705,117085,2017,5,2
257,30,430,2.7,p30,201705,117085,2017,5,2
257,50,430,3,p50,201705,117085,2017,5,2
257,70,430,3.25,p70,201705,117085,2017,5,2
257,90,430,3.6500001,p90,201705,117085,2017,5,2
257,100,430,4.75,max,201705,117085,2017,5,2
258,0,430,1.55,min,201706,117261,2017,6,2
258,10,430,2.3,p10,201706,117261,2017,6,2
258,30,430,2.7,p30,201706,117261,2017,6,2
258,50,430,3,p50,201706,117261,2017,6,2
258,70,430,3.3,p70,201706,117261,2017,6,2
258,90,430,3.6500001,p90,201706,117261,2017,6,2
258,100,430,4.75,max,201706,117261,2017,6,2
259,0,430,1.55,min,201707,117558,2017,7,3
259,10,430,2.3,p10,201707,117558,2017,7,3
259,30,430,2.75,p30,201707,117558,2017,7,3
259,50,430,3,p50,201707,117558,2017,7,3
259,70,430,3.3,p70,201707,117558,2017,7,3
259,90,430,3.6500001,p90,201707,117558,2017,7,3
259,100,430,4.8499999,max,201707,117558,2017,7,3
260,0,430,1.55,min,201708,116888,2017,8,3
260,10,430,2.3,p10,201708,116888,2017,8,3
260,30,430,2.75,p30,201708,116888,2017,8,3
260,50,430,3,p50,201708,116888,2017,8,3
260,70,430,3.3,p70,201708,116888,2017,8,3
260,90,430,3.7,p90,201708,116888,2017,8,3
260,100,430,4.8499999,max,201708,116888,2017,8,3
